date,value
2016-04-29,68388840
2016-04-28,82107120
2016-04-27,114436300
2016-04-26,52979780
2016-04-25,27997990
2016-04-22,33655810
2016-04-21,31416910
2016-04-20,30576980
2016-04-19,32340620
2016-04-18,60784920
2016-04-15,46873670
2016-04-14,25364920
2016-04-13,32771760
2016-04-12,27150570
2016-04-11,29357940
2016-04-08,23553790
2016-04-07,31735810
2016-04-06,26178840
2016-04-05,26560420
2016-04-04,37322930
2016-04-01,25820460
2016-03-31,25763840
2016-03-30,45547590
2016-03-29,31154910
2016-03-28,19354440
2016-03-24,25568350
2016-03-23,25686350
2016-03-22,32345430
2016-03-21,35454230
2016-03-18,43607120
2016-03-17,34394830
2016-03-16,38236730
2016-03-15,40026250
2016-03-14,25058280
2016-03-11,27368840
2016-03-10,33490630
2016-03-09,27148530
2016-03-08,31538710
2016-03-07,35890740
2016-03-04,46026600
2016-03-03,36884490
2016-03-02,33136130
2016-03-01,50303500
2016-02-29,35131460
2016-02-26,28949760
2016-02-25,27526040
2016-02-24,36192150
2016-02-23,31851180
2016-02-22,34240470
2016-02-19,35290570
2016-02-18,38866100
2016-02-17,44811800
2016-02-16,48032600
2016-02-12,40323020
2016-02-11,49979700
2016-02-10,42288790
2016-02-09,44282560
2016-02-08,53920550
2016-02-05,46315620
2016-02-04,46418230
2016-02-03,45870130
2016-02-02,37190500
2016-02-01,40814360
2016-01-29,64332440
2016-01-28,55622370
2016-01-27,133059000
2016-01-26,71937310
2016-01-25,51529980
2016-01-22,65648660
2016-01-21,52099200
2016-01-20,72274300
2016-01-19,52960810
2016-01-15,79356010
2016-01-14,63000140
2016-01-13,62285770
2016-01-12,49046150
2016-01-11,49687870
2016-01-08,70722000
2016-01-07,80742460
2016-01-06,68384270
2016-01-05,55583140
2016-01-04,67569090
2015-12-31,40885480
2015-12-30,25184090
2015-12-29,30912260
2015-12-28,26639930
2015-12-24,13596680
2015-12-23,32618140
2015-12-22,32728460
2015-12-21,47507230
2015-12-18,96197190
2015-12-17,44654830
2015-12-16,56157370
2015-12-15,53168580
2015-12-14,64678220
2015-12-11,46810020
2015-12-10,29158640
2015-12-09,46301930
2015-12-08,34275420
2015-12-07,32063100
2015-12-04,57717870
2015-12-03,41511380
2015-12-02,33316990
2015-12-01,34806250
2015-11-30,38063130
2015-11-27,13046450
2015-11-25,21341960
2015-11-24,42747950
2015-11-23,32445680
2015-11-20,34135230
2015-11-19,43233950
2015-11-18,46559730
2015-11-17,27584020
2015-11-16,37979570
2015-11-13,45555300
2015-11-12,32461350
2015-11-11,45179400
2015-11-10,59029400
2015-11-09,33829290
2015-11-06,33009110
2015-11-05,39483400
2015-11-04,44829060
2015-11-03,45479260
2015-11-02,32152870
2015-10-30,49305220
2015-10-29,51106100
2015-10-28,85436210
2015-10-27,67673450
2015-10-26,66139770
2015-10-23,59251740
2015-10-22,41430660
2015-10-21,42276880
2015-10-20,48929200
2015-10-19,29723750
2015-10-16,38794930
2015-10-15,37622200
2015-10-14,44434220
2015-10-13,32970790
2015-10-12,30386830
2015-10-09,52720620
2015-10-08,61747260
2015-10-07,46717770
2015-10-06,48702200
2015-10-05,52033100
2015-10-02,57774940
2015-10-01,63849470
2015-09-30,66300930
2015-09-29,73230280
2015-09-28,51861990
2015-09-25,56005550
2015-09-24,50061580
2015-09-23,35678360
2015-09-22,50278030
2015-09-21,46594220
2015-09-18,73991000
2015-09-17,63712340
2015-09-16,37080720
2015-09-15,43218350
2015-09-14,58279570
2015-09-11,49793750
2015-09-10,62800770
2015-09-09,84757780
2015-09-08,54507300
2015-09-04,49904460
2015-09-03,53142590
2015-09-02,61681250
2015-09-01,76562170
2015-08-31,56111590
2015-08-28,53075960
2015-08-27,83825220
2015-08-26,96531890
2015-08-25,102731700
2015-08-24,161882500
2015-08-21,127246600
2015-08-20,68176940
2015-08-19,48079330
2015-08-18,34525630
2015-08-17,40827260
2015-08-14,42876370
2015-08-13,48407640
2015-08-12,101593400
2015-08-11,96820670
2015-08-10,54851010
2015-08-07,38610120
2015-08-06,52828890
2015-08-05,99202400
2015-08-04,123601900
2015-08-03,69639900
2015-07-31,42832890
2015-07-30,33400950
2015-07-29,36912040
2015-07-28,33570380
2015-07-27,44371580
2015-07-24,42090320
2015-07-23,50832950
2015-07-22,115288400
2015-07-21,73006780
2015-07-20,55204920
2015-07-17,45970470
2015-07-16,35987630
2015-07-15,33559770
2015-07-14,31695870
2015-07-13,41365600
2015-07-10,61292800
2015-07-09,78291510
2015-07-08,60609830
2015-07-07,46737090
2015-07-06,27972950
2015-07-02,27171180
2015-07-01,30206890
2015-06-30,44326050
2015-06-29,49043410
2015-06-26,43986290
2015-06-25,31872390
2015-06-24,55077520
2015-06-23,30192140
2015-06-22,33976180
2015-06-19,54361530
2015-06-18,35363990
2015-06-17,32858900
2015-06-16,31443650
2015-06-15,43896960
2015-06-12,36826260
2015-06-11,35344520
2015-06-10,39029190
2015-06-09,56002840
2015-06-08,52609900
2015-06-05,35577760
2015-06-04,38335980
2015-06-03,30939810
2015-06-02,33595980
2015-06-01,32016020
2015-05-29,50474170
2015-05-28,30678840
2015-05-27,45771120
2015-05-26,70544670
2015-05-22,45469340
2015-05-21,39589780
2015-05-20,36261170
2015-05-19,44395440
2015-05-18,50723240
2015-05-15,38128470
2015-05-14,45123920
2015-05-13,34611600
2015-05-12,48073450
2015-05-11,41920740
2015-05-08,55473820
2015-05-07,42653920
2015-05-06,72037370
2015-05-05,49127770
2015-05-04,50905020
2015-05-01,57349000
2015-04-30,82924980
2015-04-29,63063240
2015-04-28,118693700
2015-04-27,95084260
2015-04-24,44209710
2015-04-23,45596690
2015-04-22,37575420
2015-04-21,32341380
2015-04-20,46975110
2015-04-17,51481310
2015-04-16,28020240
2015-04-15,28922420
2015-04-14,25418280
2015-04-13,36248620
2015-04-10,40125760
2015-04-09,32244360
2015-04-08,37272090
2015-04-07,34894810
2015-04-06,36917490
2015-04-02,32171410
2015-04-01,40463140
2015-03-31,42019420
2015-03-30,46974980
2015-03-27,39471720
2015-03-26,47409610
2015-03-25,51505600
2015-03-24,32747200
2015-03-23,37597600
2015-03-20,68516180
2015-03-19,45674520
2015-03-18,65118170
2015-03-17,50891230
2015-03-16,35816300
2015-03-13,744670
2015-03-12,48233270
2015-03-11,68812690
2015-03-10,68720360
2015-03-09,88410240
2015-03-06,72699680
2015-03-05,56391280
2015-03-04,31588480
2015-03-03,37749900
2015-03-02,48042680
2015-02-27,61931350
2015-02-26,91171830
2015-02-25,74555120
2015-02-24,69109410
2015-02-23,73089250
2015-02-20,48878410
2015-02-19,37295460
2015-02-18,44695980
2015-02-17,63014110
2015-02-13,53955650
2015-02-12,74374630
2015-02-11,73278020
2015-02-10,61845390
2015-02-09,37900780
2015-02-06,43633660
2015-02-05,42197110
2015-02-04,69975180
2015-02-03,51842080
2015-02-02,62542440
2015-01-30,83646800
2015-01-29,84132130
2015-01-28,146184300
2015-01-27,92326640
2015-01-26,55457420
2015-01-23,46420020
2015-01-22,53717440
2015-01-21,48482860
2015-01-20,49742320
2015-01-16,78453330
2015-01-15,59808470
2015-01-14,48728190
2015-01-13,66969980
2015-01-12,49571170
2015-01-09,53645730
2015-01-08,59168760
2015-01-07,39983350
2015-01-06,65682250
2015-01-05,64210880
2015-01-02,53143770
2014-12-31,41304780
2014-12-30,29798660
2014-12-29,27533430
2014-12-26,33681200
2014-12-24,14479610
2014-12-23,25991030
2014-12-22,45097060
2014-12-19,86595830
2014-12-18,58785590
2014-12-17,53265930
2014-12-16,60651790
2014-12-15,67083260
2014-12-12,55873820
2014-12-11,41404690
2014-12-10,44475360
2014-12-09,60112240
2014-12-08,57445030
2014-12-05,38230970
2014-12-04,42068020
2014-12-03,42956200
2014-12-02,59205320
2014-12-01,83657780
2014-11-28,24814400
2014-11-26,40756950
2014-11-25,68719930
2014-11-24,46867340
2014-11-21,56759320
2014-11-20,43148650
2014-11-19,41815550
2014-11-18,44163250
2014-11-17,46687710
2014-11-14,43789060
2014-11-13,59418180
2014-11-12,46372630
2014-11-11,27330410
2014-11-10,27066060
2014-11-07,33655280
2014-11-06,34733740
2014-11-05,37365530
2014-11-04,41423660
2014-11-03,52154490
2014-10-31,44550790
2014-10-30,40572000
2014-10-29,52545580
2014-10-28,47689070
2014-10-27,34086120
2014-10-24,46937880
2014-10-23,70760150
2014-10-22,68140010
2014-10-21,93786680
2014-10-20,75705040
2014-10-17,67723910
2014-10-16,72017830
2014-10-15,99942790
2014-10-14,63287170
2014-10-13,53437060
2014-10-10,66249770
2014-10-09,77283330
2014-10-08,57329820
2014-10-07,42003200
2014-10-06,36780620
2014-10-03,43419580
2014-10-02,47697150
2014-10-01,51400260
2014-09-30,55119980
2014-09-29,49263260
2014-09-26,62276770
2014-09-25,99689300
2014-09-24,59974260
2014-09-23,63255860
2014-09-22,52421660
2014-09-19,70747430
2014-09-18,36971170
2014-09-17,60783090
2014-09-16,66754370
2014-09-15,61169670
2014-09-12,62826040
2014-09-11,62077230
2014-09-10,100352500
2014-09-09,189419500
2014-09-08,46176570
2014-09-05,58280030
2014-09-04,85537710,
2014-09-03,125000400
2014-09-02,53227770
2014-08-29,44516120
2014-08-28,68368740
2014-08-27,46807000
2014-08-26,33079170
2014-08-25,40087220
2014-08-22,44028280
2014-08-21,33377530
2014-08-20,52565000
2014-08-19,69189840
2014-08-18,47285630
2014-08-15,48938120
2014-08-14,28056530
2014-08-13,31866630
2014-08-12,33485870
2014-08-11,36459430
2014-08-08,41783300
2014-08-07,46553350
2014-08-06,38463700
2014-08-05,55861030
2014-08-04,39860740
2014-08-01,48379730
2014-07-31,56625420
2014-07-30,32978480
2014-07-29,42957960
2014-07-28,54926940
2014-07-25,43384590
2014-07-24,45609040
2014-07-23,90937230
2014-07-22,54297530
2014-07-21,38792960
2014-07-18,49838110
2014-07-17,57111160
2014-07-16,53323940
2014-07-15,45187420
2014-07-14,42643760
2014-07-11,33960300
2014-07-10,39633800
2014-07-09,36267350
2014-07-08,65111960
2014-07-07,54809030
2014-07-03,22891750
2014-07-02,28414310
2014-07-01,38156280
2014-06-30,49474230
2014-06-26,32528680
2014-06-25,36835900
2014-06-24,38977670
2014-06-23,43611710
2014-06-20,100478600
2014-06-19,35476080
2014-06-18,33314720
2014-06-17,29684620
2014-06-16,35371460
2014-06-13,54406640
2014-06-12,54628650
2014-06-11,45528740
2014-06-10,62563070
2014-06-09,75295450
2014-06-06,87403076
2014-06-05,75796583
2014-06-04,83735285
2014-06-03,73043412
2014-06-02,92179668
2014-05-30,140860202
2014-05-29,93737728
2014-05-28,78793704
2014-05-27,86840486
2014-05-23,57918367
2014-05-22,50142667
2014-05-21,49184983
2014-05-20,58232373
2014-05-19,78819884
2014-05-16,68960136
2014-05-15,57427744
2014-05-14,41505203
2014-05-13,39854512
2014-05-12,53184042
2014-05-09,72767192
2014-05-08,57243511
2014-05-07,70532231
2014-05-06,93468228
2014-05-05,71523851
2014-05-02,47673150
2014-05-01,60958860
2014-04-30,114029614
2014-04-29,84049445
2014-04-28,167001640
2014-04-25,97435199
2014-04-24,189588407
2014-04-23,93473618
2014-04-22,50607747
2014-04-21,45546494
2014-04-17,70978621
2014-04-16,52515794
2014-04-15,66461884
2014-04-14,51252748
2014-04-11,67920698
2014-04-10,59701814
2014-04-09,51357706
2014-04-08,60880929
2014-04-07,72146992
2014-04-04,68615246
2014-04-03,40472773
2014-04-02,44803807
2014-04-01,50069657
2014-03-31,41787976
2014-03-28,49703046
2014-03-27,55330425
2014-03-26,74394902
2014-03-25,70284361
2014-03-24,88674487
2014-03-21,93431688
2014-03-20,52017415
2014-03-19,56077605
2014-03-18,52279152
2014-03-17,49725201
2014-03-14,59166181
2014-03-13,64314038
2014-03-12,49819071
2014-03-11,69791288
2014-03-10,44638950
2014-03-07,55164427
2014-03-06,46363282
2014-03-05,50000910
2014-03-04,64772440
2014-03-03,59671581
2014-02-28,92930208
2014-02-27,75444623
2014-02-26,69024270
2014-02-25,57961606
2014-02-24,72208942
2014-02-21,69688045
2014-02-20,76457383
2014-02-19,78415914
2014-02-18,65048101
2014-02-14,68395257
2014-02-13,76790093
2014-02-12,76994423
2014-02-11,70489461
2014-02-10,86342646
2014-02-07,93444918
2014-02-06,64415139
2014-02-05,82072855
2014-02-04,94166758
2014-02-03,100347900
2014-01-31,116191705
2014-01-30,169602001
2014-01-29,125679438
2014-01-28,266302550
2014-01-27,135926881
2014-01-24,107943182
2014-01-23,100803600
2014-01-22,94941728
2014-01-21,81897015
2014-01-17,106660852
2014-01-16,57313035
2014-01-15,97888589
2014-01-14,83082535
2014-01-13,94612448
2014-01-10,76235553
2014-01-09,69762819
2014-01-08,64158428
2014-01-07,80172914
2014-01-06,103132361
2014-01-03,98046999
2014-01-02,58661530
2013-12-31,55761100
2013-12-30,63265305
2013-12-27,56385717
2013-12-26,50906710
2013-12-24,41888748
2013-12-23,125072328
2013-12-20,108738663
2013-12-19,79939814
2013-12-18,141217062
2013-12-17,57137328
2013-12-16,70547981
2013-12-13,82974455
2013-12-12,65465763
2013-12-11,89783987
2013-12-10,69101620
2013-12-09,79945274
2013-12-06,85919076
2013-12-05,111600823
2013-12-04,94279248
2013-12-03,112338274
2013-12-02,117918255
2013-11-29,79532274
2013-11-27,90644497
2013-11-26,99957720
2013-11-25,57270811
2013-11-22,55833466
2013-11-21,65382638
2013-11-20,48459468
2013-11-19,52105335
2013-11-18,60997871
2013-11-15,79339984
2013-11-14,70401611
2013-11-13,49154022
2013-11-12,51067815
2013-11-11,56747589
2013-11-08,69617240
2013-11-07,65542966
2013-11-06,55716622
2013-11-05,66243519
2013-11-04,61011871
2013-11-01,68524519
2013-10-31,68774804
2013-10-30,88125406
2013-10-29,158499648
2013-10-28,124205797
2013-10-25,84316215
2013-10-24,96004539
2013-10-23,78237833
2013-10-22,133200030
2013-10-21,98700380
2013-10-18,72195292
2013-10-17,63116954
2013-10-16,62449609
2013-10-15,79715744
2013-10-14,65216780
2013-10-11,66797100
2013-10-10,69186523
2013-10-09,75304273
2013-10-08,72260532
2013-10-07,77889233
2013-10-04,64638089
2013-10-03,78802384
2013-10-02,71799162
2013-10-01,88194286
2013-09-30,64764985
2013-09-27,56787853
2013-09-26,59050786
2013-09-25,79011544
2013-09-24,90481397
2013-09-23,189942957
2013-09-20,174425492
2013-09-19,100811930
2013-09-18,113636704
2013-09-17,99704600
2013-09-16,136563951
2013-09-13,74495492
2013-09-12,100856800
2013-09-11,224172687
2013-09-10,185372026
2013-09-09,84479315
2013-09-06,89482147
2013-09-05,58779242
2013-09-04,86016026
2013-09-03,82966965
2013-08-30,68053649
2013-08-29,59804259
2013-08-28,76746763
2013-08-27,105846822
2013-08-26,82354395
2013-08-23,55559766
2013-08-22,60866474
2013-08-21,83783025
2013-08-20,89508677
2013-08-19,127401718
2013-08-16,90314517
2013-08-15,122386917
2013-08-14,188427037
2013-08-13,219450906
2013-08-12,90984207
2013-08-09,66643940
2013-08-08,63939790
2013-08-07,74622262
2013-08-06,83703085
2013-08-05,79577704
2013-08-02,68411287
2013-08-01,51386070
2013-07-31,80624904
2013-07-30,77240193
2013-07-29,62006404
2013-07-26,50020601
2013-07-25,57358143
2013-07-24,147906334
2013-07-23,88619467
2013-07-22,51912282
2013-07-19,67137272
2013-07-18,54658172
2013-07-17,49737479
2013-07-16,54028599
2013-07-15,60473991
2013-07-12,69863934
2013-07-11,81567174
2013-07-10,70064141
2013-07-09,88135556
2013-07-08,74476172
2013-07-05,68482701
2013-07-03,60232176
2013-07-02,117427695
2013-07-01,97736269
2013-06-28,144584903
2013-06-27,84237745
2013-06-26,91911848
2013-06-25,78533304
2013-06-24,120047026
2013-06-21,120212576
2013-06-20,89321357
2013-06-19,77690993
2013-06-18,48375328
2013-06-17,64784564
2013-06-14,67955299
2013-06-13,71449021
2013-06-12,66270567
2013-06-11,71515731
2013-06-10,112489474
2013-06-07,101081990
2013-06-06,104167451
2013-06-05,72524432
2013-06-04,72575322
2013-06-03,92900598
2013-05-31,95688069
2013-05-30,88354937
2013-05-29,82553265
2013-05-28,96311559
2013-05-24,69009031
2013-05-23,88239856
2013-05-22,110682773
2013-05-21,113917824
2013-05-20,112529584
2013-05-17,106966262
2013-05-16,150737695
2013-05-15,185168956
2013-05-14,111617413
2013-05-13,79216224
2013-05-10,83615305
2013-05-09,99448260
2013-05-08,117977895
2013-05-07,120467656
2013-05-06,123979417
2013-05-03,90287637
2013-05-02,105409532
2013-05-01,126694438
2013-04-30,172699362
2013-04-29,159929048
2013-04-26,190977767
2013-04-25,95958899
2013-04-24,242352533
2013-04-23,150492275
2013-04-22,107226032
2013-04-19,152132166
2013-04-18,166414970
2013-04-17,236094111
2013-04-16,76203143
2013-04-15,79101214
2013-04-12,59634201
2013-04-11,82064315
2013-04-10,93883258
2013-04-09,76595913
2013-04-08,75145863
2013-04-05,95724469
2013-04-04,89574827
2013-04-03,90550837
2013-04-02,132255450
2013-04-01,97168149
2013-03-28,110618443
2013-03-27,81772975
2013-03-26,73390892
2013-03-25,124980207
2013-03-22,98261129
2013-03-21,95484439
2013-03-20,76980353
2013-03-19,131468929
2013-03-18,149961185
2013-03-15,160587468
2013-03-14,75801483
2013-03-13,101314460
2013-03-12,116142145
2013-03-11,118221425
2013-03-08,97466769
2013-03-07,116969895
2013-03-06,114860374
2013-03-05,159227158
2013-03-04,144332343
2013-03-01,137819681
2013-02-28,80512484
2013-02-27,146554914
2013-02-26,125040618
2013-02-25,92813518
2013-02-22,82560265
2013-02-21,111563653
2013-02-20,118823076
2013-02-19,108820003
2013-02-15,97873819
2013-02-14,88785717
2013-02-13,118682866
2013-02-12,151743386
2013-02-11,128206578
2013-02-08,158143417
2013-02-07,175627813
2013-02-06,148003914
2013-02-05,142959083
2013-02-04,119044766
2013-02-01,134704470
2013-01-31,79445474
2013-01-30,104140851
2013-01-29,142486933
2013-01-28,195771859
2013-01-25,301617420
2013-01-24,364459099
2013-01-23,191090117
2013-01-22,114745924
2013-01-18,116987465
2013-01-17,112900444
2013-01-16,172393952
2013-01-15,217802615
2013-01-14,183021145,718114,725000,712157
2013-01-11,87569116,744285,750457,741457
2013-01-10,149986665,755071,755314,736457
2013-01-09,101748741,746428,750007,737128
2013-01-08,114451364,756014,759843,744643
2013-01-07,120838376,745714,756143,736000
2013-01-04,148374285,767093,769471,751183
2013-01-03,88054216,782685,785243,772857
2013-01-02,139906732,791171,792857,773757
2012-12-31,164519649,729328,764857,727143
2012-12-28,88117426,728985,734971,725885
2012-12-27,113575314,733628,737500,720943
2012-12-26,75475003,741428,742085,730171
2012-12-24,43936990,743357,748928,741014
2012-12-21,148609695,732100,742385,728914
2012-12-20,120153986,757143,757428,741257
2012-12-19,112061074,759243,762428,750714
2012-12-18,156143657,75,764143,743214
2012-12-17,189181917,727043,742857,716043
2012-12-14,252115436,735357,740188,722257
2012-12-13,155971877,758785,768057,751143
2012-12-12,121630216,782528,782857,766100
2012-12-11,147820794,771100,785085,767671
2012-12-10,157477787,75,769300,745114
2012-12-07,196603459,790571,793143,757143
2012-12-06,294065958,755628,790443,740900
2012-12-05,259803118,812728,813214,769671
2012-12-04,138712182,831143,831143,817328
2012-12-03,90911547,848071,849414,836428
2012-11-30,97622309,838271,840571,832400
2012-11-29,128394879,843164,848928,836071
2012-11-28,130112749,824671,836857,817514
2012-11-27,133099650,842214,843457,828714
2012-11-26,157238387,822714,842857,819585
2012-11-23,68206599,810243,817143,803714
2012-11-21,93231278,806071,810528,795143
2012-11-20,160537558,817014,817071,792257
2012-11-19,205441312,772443,810714,771257
2012-11-16,316194785,750285,757143,722500
2012-11-15,197157859,767900,770714,746600
2012-11-14,119026076,779285,782071,765971
2012-11-13,133201920,769871,786400,766228
2012-11-12,128801509,791643,792143,769500
2012-11-09,232298080,772028,792685,762457
2012-11-08,263467059,800900,803185,764700
2012-11-07,198152419,819764,820771,793928
2012-11-06,93580438,843185,843914,828700
2012-11-05,132221850,833593,839671,825143
2012-11-02,149722555,851271,852785,821071
2012-11-01,90287637,854600,861428,848814
2012-10-31,127361118,849828,859943,839571
2012-10-26,254608276,870614,877143,844285
2012-10-25,159313328,885714,888571,865071
2012-10-24,139246492,887771,895071,872343
2012-10-23,176497913,901428,905571,873857
2012-10-22,136374671,874885,907685,872514
2012-10-19,185618286,901500,902528,870885
2012-10-18,119025656,913700,917228,90
2012-10-17,97195099,926957,932557,92
2012-10-16,137208791,907671,929000,901428
2012-10-15,107948432,903357,907328,891214
2012-10-12,114883754,899371,907685,893285
2012-10-11,136341211,923571,924571,897285
2012-10-10,127322338,913914,921400,91
2012-10-09,209390853,912357,914985,890785
2012-10-08,159189568,924114,925085,908728
2012-10-05,148189554,950285,951428,930400
2012-10-04,92516018,958928,963214,950785
2012-10-03,105850532,949800,959800,946614
2012-10-02,156293037,945443,951928,929500
2012-10-01,135694481,958800,966785,937857
2012-09-28,133569490,969643,973014,952500
2012-09-27,148037514,948985,974528,943357
2012-09-26,144088393,955343,960985,944571
2012-09-25,129376629,983228,989685,961428
2012-09-24,159435968,981228,993028,975714
2012-09-21,142582763,1003443,1007243,999088
2012-09-20,83949835,998800,1000085,990885
2012-09-19,81575714,1000371,1005700,999385
2012-09-18,93139368,999828,1003328,994885
2012-09-17,98918360,999071,999714,992300
2012-09-14,149877325,985650,995685,982700
2012-09-13,149262095,967671,979285,963957
2012-09-12,177589913,952643,957000,937143
2012-09-11,125760918,950157,957285,937857
2012-09-10,121551956,972071,976128,945857
2012-09-07,82228185,968643,974971,965385
2012-09-06,97738999,961671,968985,958285
2012-09-05,83949835,965100,966214,956571
2012-09-04,91805028,951085,964485,949285
2012-08-31,84463495,953214,955143,938928
2012-08-30,75514273,958057,959363,946933
2012-08-29,50544551,964643,968100,960857
2012-08-28,66709096,964253,965857,958104
2012-08-27,106575802,971414,972671,962200
2012-08-24,107074132,942157,956400,936500
2012-08-23,104855271,951585,957000,944500
2012-08-22,140900172,934885,955714,925871
2012-08-21,202792581,958314,964114,929043
2012-08-20,152992536,928585,950214,928428
2012-08-17,110457373,914285,925985,912585
2012-08-16,63601368,901728,909657,900714
2012-08-15,64307325,901857,905714,896785
2012-08-14,84939075,902671,912300,900300
2012-08-13,69562052,890557,90,890357
2012-08-10,48726623,883871,888228,883857
2012-08-09,55081834,882643,888185,882571
2012-08-08,60970746,884843,891257,881571
2012-08-07,72558872,889671,892857,882914
2012-08-06,75488233,881843,892668,878943
2012-08-03,86083296,876614,882828,873657
2012-08-02,83023385,861200,872414,857500
2012-08-01,96002719,879864,880571,861428
2012-07-31,115373055,861757,873857,861028
2012-07-30,94626868,844171,856343,839743
2012-07-27,100956620,821443,836900,816557
2012-07-26,101611050,828228,829143,814800
2012-07-25,219211506,820657,829714,814285
2012-07-24,137351661,867685,870971,855014
2012-07-23,121642186,849143,865571,839585
2012-07-20,99227200,875757,877771,862428
2012-07-19,108981913,873257,879071,865714
2012-07-18,62685509,866557,869057,862228
2012-07-17,73378782,872557,873571,861643
2012-07-16,75263813,864457,873743,864314
2012-07-13,77827633,861357,867414,857143
2012-07-12,106873442,857485,862100,846685
2012-07-11,117068665,865885,868085,853171
2012-07-10,127763688,882814,885528,864728
2012-07-09,94701768,864714,877000,863014
2012-07-06,4693151,867271,869200,859400
2012-07-05,120978516,857943,877628,856643
2012-07-03,60428183,849828,857143,848571
2012-07-02,99806940,835328,847814,833714
2012-06-29,105131912,825714,834285,820357
2012-06-28,70572061,816671,82,808014
2012-06-27,50737114,821428,823914,817028
2012-06-26,69124972,816185,820700,810471
2012-06-25,75963043,824714,828285,814814
2012-06-22,70792001,827200,831700,822028
2012-06-21,81511944,836343,840314,824914
2012-06-20,89706357,840300,841785,829714
2012-06-19,90239127,833428,842857,833000
2012-06-18,109922713,815657,839843,814814
2012-06-15,83596545,815714,820885,813643
2012-06-14,86325986,816057,819285,810371
2012-06-13,73380042,820743,826400,814828
2012-06-12,108784723,820657,823743,809571
2012-06-11,147605824,839600,840714,815185
2012-06-08,86587996,816571,829405,812857
2012-06-07,94916808,824700,824743,815000
2012-06-06,100135800,811100,819785,807857
2012-06-05,96944429,801814,809243,797614
2012-06-04,138991972,802143,810714,783571
2012-06-01,130080689,813085,818071,800743
2012-05-31,122817347,829628,830714,816371
2012-05-30,132188320,813143,828557,809371
2012-05-29,94973228,815571,82,807585
2012-05-25,81958125,806557,808357,797817
2012-05-24,123856147,822671,823571,801757
2012-05-23,145594164,796428,818285,790328
2012-05-22,173417772,813643,819828,789400
2012-05-21,157250007,763571,802200,762928
2012-05-18,182773345,762800,776300,745971
2012-05-17,178603164,779014,782143,757314
2012-05-16,139914782,791500,795557,772914
2012-05-15,118859546,802071,804600,788214
2012-05-14,87975396,803671,810728,796571
2012-05-11,99653570,807143,820671,806214
2012-05-10,83026395,820828,822685,812058
2012-05-09,120022806,805285,819968,801214
2012-05-08,124080357,813685,816428,798185
2012-05-07,114959564,802143,818243,801757
2012-05-04,132304520,824400,826228,807385
2012-05-03,97380669,843571,844857,829000
2012-05-02,106750312,828914,839142,826943
2012-05-01,152492176,835571,852514,830328
2012-04-30,126321688,854000,854857,832857
2012-04-27,101533910,864385,865971,857857
2012-04-26,133588810,877528,878128,860185
2012-04-25,225862488,879478,882857,865714
2012-04-24,263552249,803728,810985,792857
2012-04-23,241398292,815157,823814,795171
2012-04-20,257480867,844828,849457,814885
2012-04-19,208302982,857457,863903,835028
2012-04-18,238277411,876743,886071,861014
2012-04-17,255328647,827057,871428,817014
2012-04-16,262356159,871514,871828,826071
2012-04-13,214640084,891585,892428,862157
2012-04-12,153188746,892857,901900,886428
2012-04-11,173844142,908857,909814,890489
2012-04-10,221909237,914185,92,894285
2012-04-09,149052655,894471,914057,893285
2012-04-05,159997578,895685,906657,890571
2012-04-04,142980433,891928,894085,881428
2012-04-03,208117692,896143,903157,889300
2012-04-02,149091365,859757,883957,857685
2012-03-30,182067395,869671,872228,854200
2012-03-29,151111705,875400,880800,867471
2012-03-28,163667329,883400,887785,871871
2012-03-27,151353625,865971,880400,865800
2012-03-26,148719035,856843,867357,850371
2012-03-23,107403062,857843,859714,849144
2012-03-22,155867437,853971,863571,850757
2012-03-21,160447118,861057,870928,859157
2012-03-20,203497481,856443,867000,831428
2012-03-19,224435817,854814,859671,841500
2012-03-16,206076492,835314,841714,825714
2012-03-15,289496777,856585,857157,826500
2012-03-14,353599156,825785,849600,822000
2012-03-13,172173592,796485,811685,793928
2012-03-12,101001000,784260,788571,781428
2012-03-09,104560151,777443,782485,775871
2012-03-08,128668929,763843,775700,760171
2012-03-07,198964910,766857,768257,747571
2012-03-06,202211301,748085,762414,737458
2012-03-05,201797181,779171,782114,751428
2012-03-02,107544392,777485,781143,775028
2012-03-01,170563731,783100,783157,769671
2012-02-29,237448891,773657,782300,765285
2012-02-28,149434575,754228,764871,751214
2012-02-27,136457481,744728,755000,737543
2012-02-24,103715531,742385,747000,740914
2012-02-23,141721973,735828,739756,727857
2012-02-22,120564116,732971,736414,727243
2012-02-21,150412545,724114,735500,720171
2012-02-17,133666300,718728,725385,714714
2012-02-16,235805641,702143,721271,695186
2012-02-15,374517892,734657,751843,709843
2012-02-14,114963904,720943,727943,717143
2012-02-13,128970559,713614,719757,710128
2012-02-10,157587127,701371,710886,697928
2012-02-09,220416976,686800,709643,686514
2012-02-08,101696381,672143,681128,671000
2012-02-07,78941684,664643,671071,663687
2012-02-06,62225658,654828,664257,654573
2012-02-03,71618981,653286,657143,650800
2012-02-02,46615058,651286,653100,648543
2012-02-01,67269418,654871,655700,650786
2012-01-31,97874379,650843,654628,647243
2012-01-30,94626868,636728,648428,636271
2012-01-27,74902122,634771,640686,633957
2012-01-26,80913094,640514,641128,633057
2012-01-25,239249712,649200,649214,633900
2012-01-24,127725188,607286,607286,599357
2012-01-23,76162193,603814,612071,603286
2012-01-20,103061661,610700,610714,599643
2012-01-19,65151043,614500,616241,609300
2012-01-18,68859875,609943,613528,609000
2012-01-17,60589792,606000,608557,604228
2012-01-13,56446393,599571,600643,598086
2012-01-12,53125179,603257,604143,598214
2012-01-11,53739093,603828,604071,599014
2012-01-10,64474443,608443,608571,602143
2012-01-09,98339110,607857,611071,601928
2012-01-06,79538994,599671,603928,598886
2012-01-05,67606475,592786,597928,589528
2012-01-04,64703000,585714,592400,584686
2012-01-03,75476123,584857,589286,584286
2011-12-30,44900596,576443,580400,576414
2011-12-29,53774275,576286,579500,572157
2011-12-28,57101943,581271,583214,573343
2011-12-27,66234181,575857,584414,575743
2011-12-23,67331438,570986,576557,570707
2011-12-22,50399476,567143,570186,565857
2011-12-21,65476620,566700,567571,560014
2011-12-20,84150665,553943,565857,553228
2011-12-19,58582206,546386,549786,543543
2011-12-16,105291372,543371,548786,542243
2011-12-15,64036768,547614,548200,540443
2011-12-14,101456840,552428,553400,539543
2011-12-13,84620155,561428,564857,553000
2011-12-12,74755332,559543,562714,556357
2011-12-09,74176572,561214,562914,558614
2011-12-08,93960468,559214,565000,557471
2011-12-07,76144063,557043,558486,552518
2011-12-06,70841701,560728,563757,556257
2011-12-05,89257027,562128,566300,557697
2011-12-02,94724238,556900,562328,555114
2011-12-01,95857679,546486,555714,543928
2011-11-30,101253000,544700,546108,540428
2011-11-29,93871498,536914,541186,528857
2011-11-28,86538996,531928,538171,529043
2011-11-25,63689820,526314,530214,519028
2011-11-23,107011272,535014,536914,524114
2011-11-22,102201781,530028,539900,529914
2011-11-21,111837844,529143,530971,522728
2011-11-18,92964578,541314,542843,535543
2011-11-17,119918436,548543,549400,536428
2011-11-16,87102636,556071,558771,549028
2011-11-15,107614952,544000,556428,542071
2011-11-14,108182162,547886,550357,540286
2011-11-11,163319499,552300,555286,543228
2011-11-10,186111226,567186,567443,545928
2011-11-09,139385792,567100,572700,563186
2011-11-08,99898290,574586,582857,573657
2011-11-07,67411392,571300,571428,565900
2011-11-04,75324993,574328,576343,570228
2011-11-03,110279293,570100,576286,564800
2011-11-02,81719705,571557,572057,564443
2011-11-01,132769740,567728,570714,561743
2011-10-31,96335779,574886,584757,572928
2011-10-28,80540134,575714,580500,575014
2011-10-27,123496347,582228,584286,574128
2011-10-26,113884784,573943,575071,561644
2011-10-25,107432952,578614,580786,567686
2011-10-24,125430938,565971,580714,564857
2011-10-21,154943506,568714,570200,558214
2011-10-20,137224191,571428,571928,563157
2011-10-19,275674643,573357,583456,568286
2011-10-18,213231124,602514,606867,594271
2011-10-17,171172941,602486,609571,594200
2011-10-14,142922473,595471,602857,593243
2011-10-13,105774372,578543,583471,575500
2011-10-12,155337537,581914,584643,571628
2011-10-11,151188005,560814,575971,559286
2011-10-10,110141043,541557,555443,540300
2011-10-07,133849140,536828,539628,526413
2011-10-06,202875671,533328,549686,531149
2011-10-05,196160359,525514,542600,514714
2011-10-04,308080802,535100,545428,506057
2011-10-03,166972660,543386,546628,533101
2011-09-30,136874891,553028,555557,544543
2011-09-29,162647149,574171,574586,551728
2011-09-28,107310242,571700,576771,566443
2011-09-27,157716487,583900,584643,568657
2011-09-26,203032191,571228,577114,559000
2011-09-23,136487861,571828,581057,571214
2011-09-22,241788403,572900,585457,566714
2011-09-21,150996555,599486,602271,588571
2011-09-20,193493638,593214,604086,587414
2011-09-19,205318042,567143,590328,564578
2011-09-16,173859192,565057,572147,564328
2011-09-15,103610951,559186,562371,557000
2011-09-14,133540370,552886,560300,551086
2011-09-13,110052633,545914,551728,543214
2011-09-12,116765635,532857,544114,531286
2011-09-09,141166172,548471,551428,535743
2011-09-08,103837961,546286,555157,546157
2011-09-07,87373746,550800,550857,545714
2011-09-06,127132428,524814,543328,523543
2011-09-02,109691503,535343,54,531186
2011-09-01,85770886,551171,553343,543886
2011-08-31,130506429,557957,560114,545514
2011-08-30,104308921,554643,559771,551728
2011-08-29,101134490,554543,559286,554286
2011-08-26,160158018,530243,548286,529715
2011-08-25,217625305,521543,536357,521428
2011-08-24,146323144,533528,541371,529428
2011-08-23,163954819,514714,533771,51
2011-08-22,133633050,520728,521257,507271
2011-08-19,193669478,517386,524286,508571
2011-08-18,212521674,529771,532357,516243
2011-08-17,110099393,546157,549314,54
2011-08-16,124617257,545028,547671,537228
2011-08-15,114931004,542328,549957,540128
2011-08-12,132123640,540100,542343,534614
2011-08-11,185283336,529314,536357,521028
2011-08-10,219333726,530214,535214,517857
2011-08-09,270036491,516143,535157,507143
2011-08-08,284991925,516700,525386,504314
2011-08-05,300872480,543486,547857,517957
2011-08-04,217337675,556300,559028,539071
2011-08-03,184655855,558543,562214,546057
2011-08-02,159570018,568071,568428,554786
2011-08-01,152529696,568257,570714,560528
2011-07-29,157856347,553771,564500,548571
2011-07-28,148241774,559457,567128,554471
2011-07-27,164365019,572271,575200,560214
2011-07-26,118968676,571428,577857,570971
2011-07-25,147129404,557643,571428,556600
2011-07-22,128609149,554743,564357,553928
2011-07-21,131469069,552786,557228,548428
2011-07-20,234799250,565886,566100,551428
2011-07-19,198837160,54,540928,533314
2011-07-18,142687483,522043,535214,521828
2011-07-15,120737646,515957,521428,513100
2011-07-14,107130272,515728,516586,509057
2011-07-13,97557419,511900,514286,509114
2011-07-12,112716764,505043,510971,498028
2011-07-11,110366513,509057,513957,504028
2011-07-08,122332877,504771,514286,503143
2011-07-07,99596520,506671,511428,505714
2011-07-06,110994483,498500,505857,495300
2011-07-05,88675467,49,499757,489286
2011-07-01,109926493,479928,490714,477428
2011-06-30,80686784,478143,480186,475486
2011-06-29,88123516,480057,480528,474114
2011-06-28,73368002,476643,481000,476343
2011-06-27,84812375,467986,477000,467500
2011-06-24,109887573,473386,475928,464414
2011-06-23,139572412,455628,473843,454457
2011-06-22,97468589,464514,469857,460543
2011-06-21,123112957,452400,465428,450286
2011-06-20,159899088,453364,453857,443571
2011-06-17,153715076,469986,470357,456228
2011-06-16,126824918,467000,469544,454757
2011-06-15,98960500,471071,471857,464114
2011-06-14,83499035,471428,476071,470443
2011-06-13,82344175,467428,469014,464386
2011-06-10,108450403,472214,473800,465014
2011-06-09,68737284,476071,476671,472500
2011-06-08,83311015,473971,478286,472357
2011-06-07,132345680,483100,483171,474143
2011-06-06,115190075,493857,495786,482586
2011-06-03,77951813,490257,493328,488586
2011-06-02,84669645,495000,497114,491857
2011-06-01,138299601,498386,503046,492357
2011-05-31,104084431,487286,496900,487143
2011-05-27,50882462,478286,482328,477586
2011-05-26,55623739,479957,481271,477764
2011-05-25,73437442,476328,483657,475500
2011-05-24,80444934,479286,479856,473343
2011-05-23,95541069,471386,479971,470600
2011-05-20,84476515,485086,487071,478600
2011-05-19,65148271,488686,489163,483814
2011-05-18,83511355,480671,487214,48
2011-05-17,113030224,474286,480200,472471
2011-05-16,112334984,484571,487457,475143
2011-05-13,81443694,493800,494643,486214
2011-05-12,79915454,494457,495886,488957
2011-05-11,83509605,498600,50,493200
2011-05-10,71227611,498414,499557,495228
2011-05-09,51143653,496943,498857,495039
2011-05-06,69991117,499557,50,494586
2011-05-05,83850155,497714,501357,494357
2011-05-04,97622099,497514,502614,495543
2011-05-03,78201993,497128,499843,493743
2011-05-02,110396403,499628,500670,493571
2011-04-29,208434163,495400,505643,495237
2011-04-28,89955627,494557,499643,493600
2011-04-27,88778857,503200,503357,495857
2011-04-26,84367665,505171,507128,499071
2011-04-25,66418687,500486,505357,500428
2011-04-21,188240276,507143,507328,497886
2011-04-20,165860990,490728,493928,487857
2011-04-19,104574571,475857,482828,473871
2011-04-18,152935766,465857,474614,457371
2011-04-15,113325554,476143,476628,466857
2011-04-14,75357053,478286,48,474371
2011-04-13,86483416,478600,480200,475028
2011-04-12,106196122,472128,476757,471714
2011-04-11,99679750,477228,479528,471457
2011-04-08,94195248,485600,485928,477071
2011-04-07,93268378,483000,486328,480043
2011-04-06,100460810,487457,491286,481628
2011-04-05,120651896,481414,488928,48
2011-04-04,114751314,491871,492286,483428
2011-04-01,104496031,501586,502267,490428
2011-03-31,68453161,494800,499714,494371
2011-03-30,82147055,500914,501257,496343
2011-03-29,88011586,496657,501371,494371
2011-03-28,77053503,504500,506171,500628
2011-03-25,111997444,497243,502943,495743
2011-03-24,100635740,488357,494286,484086
2011-03-23,93078328,484686,486028,479928
2011-03-22,81435364,489371,489457,484486
2011-03-21,103178211,479986,485343,478943
2011-03-18,188150886,481614,483143,471428
2011-03-17,164523359,481186,485157,472371
2011-03-16,287646046,488571,49,466086
2011-03-15,179747944,488714,496914,485857
2011-03-14,108959443,504543,509263,501871
2011-03-11,117542215,493328,503314,492857
2011-03-10,126724608,498743,499671,492714
2011-03-09,113249954,506700,506800,500857
2011-03-08,88957077,507014,510571,503214
2011-03-07,136302361,516286,516671,501871
2011-03-04,113155454,514386,514700,511071
2011-03-03,124643787,510271,513986,508457
2011-03-02,150412615,499943,506214,497714
2011-03-01,113527924,507814,508171,496687
2011-02-28,100497210,501771,507214,501600
2011-02-25,94401188,493228,497757,492571
2011-02-24,124804997,491457,493071,483386
2011-02-23,167580960,483957,492343,483728
2011-02-22,217592825,488786,493428,482457
2011-02-18,203326891,512443,513571,499314
2011-02-17,132320200,510357,514671,509314
2011-02-16,118767216,515428,521286,515000
2011-02-15,70731871,513128,514243,510786
2011-02-14,77500243,509700,513543,509586
2011-02-11,91775628,506789,511143,505057
2011-02-10,231786170,510557,514286,497143
2011-02-09,120447916,507414,512857,506957
2011-02-08,94755248,505257,507886,503071
2011-02-07,121039906,496986,504643,496628
2011-02-04,80346164,490914,495286,490728
2011-02-03,98290879,491143,491771,483643
2011-02-02,64653258,492071,493214,490786
2011-02-01,106341512,487571,493786,487114
2011-01-31,94202598,479714,485771,477571
2011-01-28,147746454,491671,492000,476468
2011-01-27,71129331,491114,492418,489758
2011-01-26,126542748,489943,493714,487857
2011-01-25,135998561,480471,487771,477957
2011-01-24,143251473,466957,482071,466743
2011-01-21,188198066,476814,478400,466614
2011-01-20,190898107,480614,483286,471600
2011-01-19,283119845,497643,498000,481257
2011-01-18,462442329,470743,492518,465714
2011-01-14,76865693,494128,497828,492057
2011-01-13,74023552,493086,495200,491214
2011-01-12,75491803,490357,492043,488571
2011-01-11,110618303,492686,492800,484957
2011-01-10,111939414,484043,490328,481671
2011-01-07,77371653,477128,480500,474143
2011-01-06,74957912,478170,478928,475571
2011-01-05,63310259,470786,477628,470714
2011-01-04,77212123,474914,475000,468786
2011-01-03,110964733,465200,471800,464052
2010-12-31,48344906,461357,462114,459014
2010-12-30,39354103,464971,465014,461500
2010-12-29,40775656,466028,466357,464428
2010-12-28,43898371,465586,466657,464371
2010-12-27,62274056,461217,464914,459314
2010-12-23,55731469,464286,464500,461671
2010-12-22,66449697,463371,465314,462214
2010-12-21,63928793,461428,463414,460071
2010-12-20,96006079,459428,461786,454614
2010-12-17,96587849,459471,459700,457471
2010-12-16,80244454,458700,460871,457286
2010-12-15,103780771,457143,461428,455986
2010-12-14,87718986,459614,460771,455714
2010-12-13,109673093,463386,464371,458571
2010-12-10,65576594,456643,458643,455143
2010-12-09,73378782,460188,460714,455743
2010-12-08,80165284,456614,458600,453014
2010-12-07,97437439,462571,462843,454457
2010-12-06,111165143,455200,460471,454886
2010-12-03,85503906,452871,455214,451914
2010-12-02,115699815,453614,455714,449843
2010-12-01,114829084,450386,453928,45
2010-11-30,125157098,447914,449086,444100
2010-11-29,110489713,450714,453543,444828
2010-11-26,59436255,448200,453857,447057
2010-11-24,103401091,445714,450571,445357
2010-11-23,129372219,443500,445357,437943
2010-11-22,97869619,438114,447657,436957
2010-11-19,96113949,439957,440571,436057
2010-11-18,123123667,436000,442386,435271
2010-11-17,119653066,430286,434271,425371
2010-11-16,164041549,436743,439428,427600
2010-11-15,100475160,440657,443628,437528
2010-11-12,198704230,451428,452143,433757
2010-11-11,90179837,45,454857,448928
2010-11-10,95152429,452343,455386,447928
2010-11-09,95514329,458643,459000,449286
2010-11-08,69985111,453143,456814,452514
2010-11-05,90104657,454271,456528,452500
2010-11-04,159613418,450643,457400,450043
2010-11-03,126496828,444814,446971,440757
2010-11-02,107689502,438571,443128,438571
2010-11-01,105463082,431743,436571,431714
2010-10-29,106459252,434614,436971,429814
2010-10-28,137111911,439928,44,429857
2010-10-27,97963209,439500,442714,436571
2010-10-26,97175079,438386,442486,436643
2010-10-25,96214749,441557,445143,440628
2010-10-22,92488648,441528,442914,437571
2010-10-21,136781721,446228,449628,438286
2010-10-20,179414674,441428,448928,438386
2010-10-19,307005952,433428,448243,428600
2010-10-18,267603430,454957,455714,448986
2010-10-15,229189449,439200,45,435586
2010-10-14,108314742,430986,432100,429143
2010-10-13,155265647,428857,431371,428286
2010-10-12,139112862,422014,427857,417843
2010-10-11,106676392,421057,424628,420857
2010-10-08,164183439,416733,420714,414286
2010-10-07,101859481,414766,414971,409871
2010-10-06,167206320,413700,417128,407514
2010-10-05,124901667,402857,413500,402601
2010-10-04,108637023,402286,404143,396814
2010-10-01,112000034,408780,409400,401928
2010-09-30,167988710,412857,414286,401786
2010-09-29,117244505,410328,414014,408571
2010-09-28,258538988,416814,416814,392857
2010-09-27,120369236,419964,421043,415728
2010-09-24,161761929,417286,419328,415071
2010-09-23,196189899,409043,418228,408571
2010-09-22,146168794,403871,411400,403443
2010-09-21,166544330,405514,410500,403986
2010-09-20,164490809,394400,405400,394071
2010-09-17,157292917,396700,397086,390971
2010-09-16,162463819,386057,395243,385000
2010-09-15,106805122,383100,386257,382628
2010-09-14,101293530,380300,384528,379314
2010-09-13,96883319,379743,383257,379657
2010-09-10,96849369,375986,377857,373428
2010-09-09,109347103,378628,380743,375600
2010-09-08,131395709,371114,377700,370143
2010-09-07,85565506,366628,370757,366071
2010-09-03,130035609,364414,369686,363571
2010-09-02,103632581,358946,360243,355100
2010-09-01,173960762,353528,359228,351828
2010-08-31,104966361,345500,349371,343357
2010-08-30,95553599,343943,351071,343829
2010-08-27,136758551,345357,346586,336514
2010-08-26,116284385,350643,351071,343254
2010-08-25,148938905,340057,348557,338857
2010-08-24,150183995,346671,347143,340928
2010-08-23,103289091,359700,36,350357
2010-08-20,95681559,356271,362743,355714
2010-08-19,106533662,361200,362114,355257
2010-08-18,84548265,360514,363814,359400
2010-08-17,105546662,357257,363757,356000
2010-08-16,79420764,353686,357157,352314
2010-08-13,88560037,359500,359828,355843
2010-08-12,133552620,352414,361571,351600
2010-08-11,154454626,364857,365271,356871
2010-08-10,112874754,371214,372071,367928
2010-08-09,75552633,373543,374500,370814
2010-08-06,111151143,371114,373557,368043
2010-08-05,72257102,373900,375971,372214
2010-08-04,105052042,375486,377543,371873
2010-08-03,104082541,372871,376086,370600
2010-08-02,106583082,372057,375128,370886
2010-07-30,112029784,365561,371000,364143
2010-07-29,160834008,372443,375214,365857
2010-07-28,129737759,376671,379986,371786
2010-07-27,145188934,372671,378286,371857
2010-07-26,104188731,371428,371571,368157
2010-07-23,133236640,367271,371971,366114
2010-07-22,161139628,368114,371428,364728
2010-07-21,295973249,378700,378786,362857
2010-07-20,263591379,347000,361286,342871
2010-07-19,255842447,356971,356971,342286
2010-07-16,259540618,361686,364243,354871
2010-07-15,205060442,354614,367100,353286
2010-07-14,202950851,356257,365428,355714
2010-07-13,296797219,366171,366286,352043
2010-07-12,140474992,369328,374071,364086
2010-07-09,108260072,366986,371286,364514
2010-07-08,184252935,374971,375571,364128
2010-07-07,163169979,357843,369671,356786
2010-07-06,153559326,358571,361143,351657
2010-07-02,173446612,357843,358471,347428
2010-07-01,255527517,363286,364000,347457
2010-06-30,184538045,366728,368528,357157
2010-06-29,282782865,377316,377700,363286
2010-06-28,146186434,381328,385357,377886
2010-06-25,136678611,385800,386100,379728
2010-06-24,178309303,387143,390278,383000
2010-06-23,191838418,392257,392371,382714
2010-06-22,178776694,388800,394243,387857
2010-06-21,193217628,396700,398586,383900
2010-06-18,195928029,388928,392857,387743
2010-06-17,217872895,386571,389857,385000
2010-06-16,195557169,373000,382500,372329
2010-06-15,145862054,365200,371214,365000
2010-06-14,150469315,365657,370214,362871
2010-06-11,136154451,354607,362657,353386
2010-06-10,193507918,349771,358543,346000
2010-06-09,213040094,359243,359857,346414
2010-06-08,249904415,361771,362571,350928
2010-06-07,221253336,368986,370214,357928
2010-06-04,189045767,368871,374143,363757
2010-06-03,162341809,378828,379357,372014
2010-06-02,171594061,377914,378286,371907
2010-06-01,218455576,370986,379914,369943
2010-05-28,203645811,370554,370571,361928
2010-05-27,165270400,358000,362700,355871
2010-05-26,212125404,357257,360186,348214
2010-05-25,261342838,341928,352514,338800
2010-05-24,188078156,353257,358428,351800
2010-05-21,305744272,332600,349286,330500
2010-05-20,319497456,345543,348357,337443
2010-05-19,256089547,356428,361314,349786
2010-05-18,194856888,367114,369357,357514
2010-05-17,190413707,363857,365971,353871
2010-05-14,189368537,364521,366400,356428
2010-05-13,149704075,376028,378571,366286
2010-05-12,163385299,370350,375900,369571
2010-05-11,212068004,359771,371271,357857
2010-05-10,245539284,357500,363786,355043
2010-05-07,418562326,348157,352243,321728
2010-05-06,319584886,362614,368928,284643
2010-05-05,220353346,361471,368771,355328
2010-05-04,180620564,375557,376128,366786
2010-05-03,113343684,376914,382686,375543
2010-04-30,135421971,384728,386528,372857
2010-04-29,139522502,375743,385714,374300
2010-04-28,189375537,376071,377143,366300
2010-04-27,176955713,381814,382628,372171
2010-04-26,119378876,388400,389228,383128
2010-04-23,198906390,382843,388828,381428
2010-04-22,197849809,368914,381071,366000
2010-04-21,245072944,369721,371786,365328
2010-04-20,177792843,355057,356071,347078
2010-04-19,141571402,352900,354128,345386
2010-04-16,187514026,355100,358771,349357
2010-04-15,93876048,351114,355757,350728
2010-04-14,100827750,350400,351157,348671
2010-04-13,76184103,345514,346857,344443
2010-04-12,83236885,346000,347243,345443
2010-04-09,83443105,344900,345557,343514
2010-04-08,142899723,343486,345057,340057
2010-04-07,156909177,342457,345600,340943
2010-04-06,111431983,340286,343200,338571
2010-04-05,170363601,335678,340728,335386
2010-04-01,150568295,339271,341043,332500
2010-03-31,107438412,336414,338014,334943
2010-03-30,131326339,338004,339257,334643
2010-03-29,130887089,332857,334100,330886
2010-03-26,159986658,327071,331357,326500
2010-03-25,135463131,329886,329957,323214
2010-03-24,149419805,325200,328857,325014
2010-03-23,150384825,322343,326828,320143
2010-03-22,113828294,314957,322857,314500
2010-03-19,139669082,321128,321771,316043
2010-03-18,85156076,320143,321428,318014
2010-03-17,112501374,321286,323500,318957
2010-03-16,111581993,320257,321400,317871
2010-03-15,123005437,321971,322143,314643
2010-03-12,103841951,324814,325328,322500
2010-03-11,101209110,319871,322143,319028
2010-03-10,148907755,319757,322114,318857
2010-03-09,229908139,311871,321428,311271
2010-03-08,107326832,314300,314414,311786
2010-03-05,224647427,307057,313857,306614
2010-03-04,89591907,298971,301314,298043
2010-03-03,92846488,298486,299814,297057
2010-03-02,141486282,299900,301186,296771
2010-03-01,137312041,293928,299286,293500
2010-02-26,126742668,289114,293100,288571
2010-02-25,166204690,281971,289800,281271
2010-02-24,115019695,283186,287771,282628
2010-02-23,143761703,285714,287614,279586
2010-02-22,97607889,289057,289286,284557
2010-02-19,103810451,288371,290286,287300
2010-02-18,105298302,288043,291271,287028
2010-02-17,108691903,291700,291871,286943
2010-02-16,135631411,288486,290986,287886
2010-02-12,160883708,283014,288057,279286
2010-02-11,136569551,278400,285357,277228
2010-02-10,92309448,279843,280857,277514
2010-02-09,158104077,280600,282143,278214
2010-02-08,119140456,279557,282686,277143
2010-02-05,212342054,275178,28,272643
2010-02-04,188974717,281043,283386,273671
2010-02-03,153524396,278814,286000,277743
2010-02-02,174456782,279871,280457,276257
2010-02-01,186856796,274814,28,273286
2010-01-29,311050273,287257,288857,271786
2010-01-28,292824088,292757,293571,283857
2010-01-27,430233079,295500,300828,285044
2010-01-26,464983189,294214,305300,289400
2010-01-25,256160737,289300,292428,285986
2010-01-22,219017256,295400,296428,281657
2010-01-21,151730436,302971,304734,296014
2010-01-20,152695456,307014,307928,299286
2010-01-19,182179955,297614,307414,296057
2010-01-15,148455485,301328,302286,294100
2010-01-14,108115592,300157,300657,298600
2010-01-13,151055775,296957,301328,291571
2010-01-12,148302744,298843,299671,294886
2010-01-11,115271835,304000,304286,297786
2010-01-08,111804664,300428,302857,298657
2010-01-07,119094816,302500,302857,298643
2010-01-06,137494251,306257,307471,301071
2010-01-05,150324555,306571,307986,304643
2010-01-04,122786757,304900,306428,303400
2009-12-31,87907426,304471,304786,300800
2009-12-30,102705781,298328,302857,297586
2009-12-29,110755363,303757,303886,298186
2009-12-28,160784168,302457,305643,299444
2009-12-24,125222058,290786,299071,290500
2009-12-23,86118086,287500,289114,286871
2009-12-22,87148416,284914,286928,283800
2009-12-21,152166116,280071,285357,279528
2009-12-18,151863506,275957,279290,275143
2009-12-17,96720359,277514,278571,272857
2009-12-16,88203036,278714,280714,277928
2009-12-15,104742851,279757,282157,276100
2009-12-14,123034697,279100,282043,275086
2009-12-11,107241432,282543,282857,276328
2009-12-10,122237397,285000,285286,280171
2009-12-09,170359961,273257,283086,271871
2009-12-08,172136212,270514,274786,269571
2009-12-07,178153973,276171,276814,269543
2009-12-04,206587352,285286,285543,271828
2009-12-03,111825804,282028,284257,280386
2009-12-02,178051493,284228,287743,279643
2009-12-01,115558625,288914,289671,281186
2009-11-30,105960292,287300,288114,283957
2009-11-27,73814252,284600,289943,283386
2009-11-25,71610021,293428,293786,291086
2009-11-24,79299524,293328,294114,289857
2009-11-23,118458796,29,294286,289928
2009-11-20,101636880,284500,286271,282514
2009-11-19,134796450,292300,292300,285428
2009-11-18,93398578,295057,295714,291428
2009-11-17,98972890,294400,296343,292857
2009-11-16,120381976,293543,297143,292871
2009-11-13,85438596,289814,292614,288671
2009-11-12,89530587,290200,292671,287757
2009-11-11,110939183,292228,292857,288328
2009-11-10,100095830,287171,292828,287157
2009-11-09,131522059,281343,288428,280371
2009-11-06,72991822,275014,278843,274857
2009-11-05,95468409,274857,278571,274028
2009-11-04,121780787,272471,276928,271757
2009-11-03,129766809,268357,270743,265600
2009-11-02,169589051,271143,275543,265100
2009-10-30,178927334,280080,281143,265809
2009-10-29,142328523,278571,281157,274486
2009-10-28,203838171,282443,282886,273000
2009-10-27,188494237,288086,289728,280643
2009-10-26,120323596,290957,295357,285857
2009-10-23,104997091,293857,294000,290328
2009-10-22,197585279,292428,296928,289300
2009-10-21,297780229,285028,298157,284614
2009-10-20,283171645,286571,288214,282643
2009-10-19,223971717,268357,271428,265071
2009-10-16,106997762,270500,271943,268343
2009-10-15,93217068,270900,272743,270757
2009-10-14,93807028,274643,274743,271757
2009-10-13,86349156,272328,273100,271000
2009-10-12,71985082,272886,273586,270914
2009-10-09,73239202,269957,272428,269457
2009-10-08,109314133,272371,273500,269843
2009-10-07,116159085,271086,272214,270046
2009-10-06,150950285,268200,271443,267571
2009-10-05,105618342,266000,266943,263243
2009-10-02,138167581,259157,265628,259071
2009-10-01,130857059,264786,266028,258143
2009-09-30,134783220,265900,266357,260875
2009-09-29,86193756,266757,267714,263300
2009-09-28,84275265,262671,266686,261900
2009-09-25,111258383,260014,265000,259200
2009-09-24,137146491,267428,268143,261100
2009-09-23,147927824,264857,269857,264328
2009-09-22,89155457,264557,264828,261214
2009-09-21,109290683,263271,264514,259457
2009-09-18,150314055,265471,266500,263943
2009-09-17,202182601,259971,266843,259957
2009-09-16,187437586,254271,261071,254114
2009-09-15,103726871,248628,250928,247986
2009-09-14,80383404,244043,248428,243214
2009-09-11,87108026,247014,247400,244100
2009-09-10,122612107,245800,247500,244014
2009-09-09,202624511,246828,249243,242428
2009-09-08,78524974,247114,247343,245714
2009-09-04,93309888,238966,243857,238700
2009-09-03,73447592,237771,238714,235714
2009-09-02,90989317,235171,239443,234443
2009-09-01,117083715,239986,242857,235629
2009-08-31,77698483,240228,241214,237857
2009-08-28,113355444,246100,246414,240757
2009-08-27,111932414,241071,242243,235471
2009-08-26,75810303,241314,242214,238228
2009-08-25,80906584,242086,244200,241614
2009-08-24,101534400,243028,243871,240386
2009-08-21,103799531,239500,241957,238286
2009-08-20,85380706,235686,238171,235157
2009-08-19,103001321,232500,236143,232071
2009-08-18,106128642,230900,234629,230586
2009-08-17,130749329,233643,233700,227743
2009-08-14,76389693,239914,240324,236471
2009-08-13,109916973,238071,240957,237857
2009-08-12,110976633,232214,238157,232086
2009-08-11,88730277,233843,234829,231257
2009-08-10,75012793,236657,238000,233800
2009-08-07,96727219,236414,238000,235429
2009-08-06,85271156,236543,237871,232986
2009-08-05,105581942,236786,239128,234586
2009-08-04,98772690,235614,236529,234586
2009-08-03,98285279,236014,238057,235529
2009-07-31,105620442,232840,235714,232729
2009-07-30,117081055,231000,235314,230714
2009-07-29,95485769,227000,229214,226071
2009-07-28,90763357,226971,228721,225143
2009-07-27,108073732,228814,229829,224657
2009-07-24,109372443,224214,228571,223571
2009-07-23,131337329,223757,226343,222229
2009-07-22,218380536,225414,226757,223014
2009-07-21,210901103,218986,219186,213929
2009-07-20,182888565,218957,221480,215557
2009-07-17,150290605,212971,217171,212329
2009-07-16,98129949,208229,211457,207957
2009-07-15,120885416,207200,21,206171
2009-07-14,86555236,202900,204543,201659
2009-07-13,120527996,199343,203343,196471
2009-07-10,111021293,194771,198529,194743
2009-07-09,85711596,196800,197129,194186
2009-07-08,143709203,194171,197200,192029
2009-07-07,115148635,197829,199543,193114
2009-07-06,124447017,198143,198557,194643
2009-07-02,92381898,201786,204043,199700
2009-07-01,103483971,205000,206657,203600
2009-06-30,108476513,203686,205429,202571
2009-06-29,141781543,204943,205643,202200
2009-06-26,109599663,199700,205086,199629
2009-06-25,147042254,193929,200286,193157
2009-06-24,120973196,193457,196429,192657
2009-06-23,176249623,194857,195643,189829
2009-06-22,158185627,200957,202229,194757
2009-06-19,179965364,197243,199286,195571
2009-06-18,106257722,194443,197143,193700
2009-06-17,142609713,195243,196357,192186
2009-06-16,127728478,195229,197814,194429
2009-06-15,134866380,194300,195614,192700
2009-06-12,140437822,198300,198714,194343
2009-06-11,131030729,199357,202229,197929
2009-06-10,171935452,203257,203357,197571
2009-06-09,168830811,205443,206514,200786
2009-06-08,232466290,205457,206043,199186
2009-06-05,157944127,207586,209143,204586
2009-06-04,136628071,200186,205971,200057
2009-06-03,140628992,20,201586,198671
2009-06-02,113339554,198557,201914,197643
2009-06-01,112631574,194957,199986,194286
2009-05-29,113932874,193414,194143,191214
2009-05-28,121524446,190643,193414,188614
2009-05-27,161564318,188257,192829,187014
2009-05-26,158127877,178229,186900,177929
2009-05-22,74476662,177214,177400,173929
2009-05-21,101845901,178786,181114,175557
2009-05-20,96968859,182329,184586,179000
2009-05-19,92880788,181171,184729,179629
2009-05-18,114343634,176757,181000,173671
2009-05-15,91651797,174743,178029,173729
2009-05-14,111421483,171114,176471,171000
2009-05-13,148275794,176014,177171,170543
2009-05-12,151725046,185086,185300,176071
2009-05-11,101125320,181957,187086,181600
2009-05-08,116971365,184343,187477,180371
2009-05-07,132601950,189043,189129,182714
2009-05-06,118349806,190471,190714,186029
2009-05-05,99506710,188214,189800,187314
2009-05-04,151861476,183200,188929,182400
2009-05-01,99359990,179714,182786,179714
2009-04-30,124463957,180314,181429,178457
2009-04-29,114451504,178357,181214,176900
2009-04-28,113722244,176214,180300,176086
2009-04-27,120175476,175571,178571,175229
2009-04-24,135039841,178057,178771,175671
2009-04-23,235733821,180886,181714,176443
2009-04-22,227250308,175186,179071,173143
2009-04-21,117231065,169843,174486,169429
2009-04-20,116580275,173900,175700,170229
2009-04-17,124315697,173114,177500,171786
2009-04-16,148303024,170271,175929,169700
2009-04-15,103148111,167429,168929,165371
2009-04-14,113484664,170814,171671,167500
2009-04-13,97228559,171443,172829,17
2009-04-09,132462300,169171,171429,168514
2009-04-08,113748074,164900,166843,163686
2009-04-07,133882460,166471,166671,163129
2009-04-06,164155719,164200,169643,161829
2009-04-03,158300497,163129,165900,162171
2009-04-02,202481851,157350,163929,156829
2009-04-01,147108264,148700,155714,148414
2009-03-31,142364363,150643,153500,15
2009-03-30,125643668,149300,150014,146586
2009-03-27,122933267,154614,155043,152000
2009-03-26,153435286,154043,157114,153686
2009-03-25,161536458,153686,154800,148371
2009-03-24,160153538,151943,156343,150553
2009-03-23,164570889,146729,154514,145357
2009-03-20,173832242,145843,147300,143671
2009-03-19,124763767,145500,147429,143214
2009-03-18,198944400,142729,147829,142457
2009-03-17,196633489,136057,142414,135814
2009-03-16,199275710,137900,139129,134543
2009-03-13,150196035,137571,138857,135729
2009-03-12,191903658,132714,137971,131429
2009-03-11,211265803,128300,134386,127971
2009-03-10,210609903,121243,127386,120514
2009-03-09,172664572,120257,125143,117957
2009-03-06,252464176,126200,126286,117614
2009-03-05,176268943,129229,131243,126357
2009-03-04,185184916,128829,132529,127786
2009-03-03,180208824,127043,129629,125543
2009-03-02,190821317,125886,130286,125243
2009-02-27,175892553,125614,130429,125243
2009-02-26,154262896,131429,132743,127086
2009-02-25,204340911,128371,132743,127500
2009-02-24,188977377,124926,129843,124286
2009-02-23,188048546,130929,131429,123586
2009-02-20,187457606,127714,132000,127143
2009-02-19,225369758,133386,134643,128729
2009-02-18,170427301,135786,136929,132457
2009-02-17,165083150,138386,138629,134686
2009-02-13,151509865,141414,142771,140171
2009-02-12,201814681,136900,142500,136900
2009-02-11,167746370,137671,140443,136814
2009-02-10,209533933,144757,146443,138657
2009-02-09,177365003,142857,147143,142143
2009-02-06,168558791,138600,142857,138571
2009-02-05,183652475,132529,138929,132314
2009-02-04,200979860,133171,137500,133000
2009-02-03,145716034,131314,133400,128971
2009-02-02,139474412,127286,131429,127000
2009-01-30,162829079,132286,133743,128586
2009-01-29,147435794,132986,134771,132286
2009-01-28,215327485,131600,135714,130714
2009-01-27,152312766,128843,130786,128200
2009-01-26,173045232,126943,129957,126143
2009-01-23,189842367,124029,128386,123571
2009-01-22,346849474,125771,128571,122600
2009-01-21,263382639,113414,118400,113300
2009-01-20,226902898,117043,117143,111714
2009-01-16,261745969,120429,120543,114857
2009-01-15,457872307,115100,120171,114357
2009-01-14,247659934,123200,124643,121029
2009-01-13,199057520,126057,128200,123357
2009-01-12,153796556,129229,129986,125071
2009-01-09,136641371,133157,133400,128771
2009-01-08,165691940,129186,133071,128629
2009-01-07,188235446,131157,132143,128943
2009-01-06,322269807,137071,138814,131986
2009-01-05,295313079,133100,137400,132443
2009-01-02,186493916,122686,130057,121657
2008-12-31,151882756,122814,125343,121914
2008-12-30,241571472,124886,125786,121029
2008-12-29,171484861,123600,125171,121529
2008-12-26,77073663,123771,124886,121771
2008-12-24,67864978,123057,123214,120786
2008-12-23,158729808,124100,125529,122714
2008-12-22,211098153,128600,128614,120986
2008-12-19,200379260,128486,129914,126857
2008-12-18,214053904,127586,129757,126343
2008-12-17,322891827,130043,130143,125743
2008-12-16,270637301,134257,137829,132500
2008-12-15,222574447,137129,137443,132857
2008-12-12,260267638,132571,141429,132186
2008-12-11,260101878,139071,144629,135471
2008-12-10,234464370,139814,142129,137857
2008-12-09,300828240,140057,148000,138871
2008-12-08,295986969,138971,144000,136857
2008-12-05,260894768,129071,134986,126943
2008-12-04,272823192,134900,136014,127229
2008-12-03,334651410,127714,137471,126857
2008-12-02,287117476,128614,132357,123571
2008-12-01,230862519,130429,131814,127033
2008-11-28,75301403,135286,135371,131229
2008-11-26,224858127,128457,136071,128357
2008-11-25,308776603,135186,135300,125943
2008-11-24,360468748,121729,135414,121200
2008-11-21,392046668,117043,120171,113057
2008-11-20,428763569,121771,123500,114286
2008-11-19,292861538,127771,130829,123157
2008-11-18,302382171,128057,129986,124086
2008-11-17,290591997,126400,129357,124657
2008-11-14,350974365,133943,134271,128571
2008-11-13,463442489,128386,137771,122886
2008-11-12,293845458,132043,133200,128586
2008-11-11,305980172,135443,138814,131800
2008-11-10,280864234,143100,143429,135000
2008-11-07,273709112,141771,142643,136743
2008-11-06,329509489,144357,146829,14
2008-11-05,313994544,155586,156743,147129
2008-11-04,349631275,157129,159700,152386
2008-11-03,264454899,151329,155857,149800
2008-10-31,414654784,153429,158257,150200
2008-10-30,409149983,154614,160271,153729
2008-10-29,487927166,144086,156486,142771
2008-10-28,407733112,136329,143571,131957
2008-10-27,301981701,135814,139471,131229
2008-10-24,397326629,129043,139857,128729
2008-10-23,418415956,137871,141786,131286
2008-10-22,561642508,139100,144643,132757
2008-10-21,496907469,138500,139857,130229
2008-10-20,386529336,142543,142900,133771
2008-10-17,440238462,142286,145771,122693
2008-10-16,489081257,142529,147757,131057
2008-10-15,395504039,148343,152857,139843
2008-10-14,494854438,166086,166286,147343
2008-10-13,384649975,149357,157900,144314
2008-10-10,554729026,122429,142857,121429
2008-10-09,404188521,133357,136857,123714
2008-10-08,551839846,122733,137614,122400
2008-10-07,469562941,143543,145000,127071
2008-10-06,526652508,131371,141114,125057
2008-10-03,573323692,148571,152143,135214
2008-10-02,402176091,154300,155414,142857
2008-10-01,324046757,159886,160514,153414
2008-09-30,406771382,154643,164286,151857
2008-09-29,654877916,170886,170971,143700
2008-09-26,281382864,178443,185429,175714
2008-09-25,250381675,185429,192557,183600
2008-09-24,261674499,181814,187071,178786
2008-09-23,319662166,188357,194000,180943
2008-09-22,213955344,199914,200357,186657
2008-09-19,357663987,203714,206000,194729
2008-09-18,418680276,186529,20,172400
2008-09-17,299816530,197843,197871,182614
2008-09-16,299580630,191229,203571,188786
2008-09-15,229793129,202900,210986,200514
2008-09-12,198030689,215586,215586,209286
2008-09-11,242589553,211686,218557,208571
2008-09-10,243263793,217600,221414,212571
2008-09-09,311031163,224086,228514,213986
2008-09-08,261433418,235100,235557,216369
2008-09-05,196548999,226557,232000,225214
2008-09-04,185707606,236943,239875,229729
2008-09-03,183683415,238343,240971,234286
2008-09-02,194434788,246286,247857,235714
2008-08-29,149788565,247086,247857,241486
2008-08-28,107703362,250400,251786,246786
2008-08-27,119143396,247586,251086,245987
2008-08-26,111348823,246800,249828,246586
2008-08-25,121049286,251643,251757,245228
2008-08-22,109873363,251171,253571,250814
2008-08-21,134917270,249243,250643,245557
2008-08-20,126718798,249676,252771,248014
2008-08-19,153915766,249343,252957,245443
2008-08-18,137832351,250814,254014,248314
2008-08-15,176996663,255771,256786,250071
2008-08-14,177684343,254757,257786,254057
2008-08-13,210556213,254257,257143,251286
2008-08-12,208987793,247886,256128,247871
2008-08-11,222653337,242957,252143,242386
2008-08-08,178425574,234086,242357,233929
2008-08-07,168008730,232443,237357,230714
2008-08-06,197800459,228529,239143,225714
2008-08-05,171931322,222029,229714,221171
2008-08-04,147694724,223714,225571,218443
2008-08-01,130755839,228429,228557,222500
2008-07-31,159163178,225057,231714,224257
2008-07-30,181038184,225400,229271,222971
2008-07-29,170951881,222014,227786,219500
2008-07-28,195099859,231914,232100,220029
2008-07-25,158194517,229143,232857,226643
2008-07-24,209452873,234743,236086,226357
2008-07-23,264714109,235700,240528,230800
2008-07-22,469122431,212857,232514,209329
2008-07-21,310129983,238428,239286,230171
2008-07-18,215647245,240743,242357,235714
2008-07-17,188662937,248714,249971,244843
2008-07-16,186930436,243143,247043,240857
2008-07-15,259847638,246400,248200,237700
2008-07-14,221327816,256057,256143,247257
2008-07-11,232340220,250671,253014,244286
2008-07-10,209579153,249886,253343,244814
2008-07-09,223687237,257428,258443,248771
2008-07-08,222032297,250571,256714,246771
2008-07-07,204853661,247371,253043,245571
2008-07-03,130859299,242271,245957,236786
2008-07-02,209373493,250286,253500,240255
2008-07-01,277547563,234614,249600,234286
2008-06-30,170970151,243128,245714,238029
2008-06-27,259441218,237871,243671,234500
2008-06-26,217047805,248671,249777,240014
2008-06-25,160818538,249443,255471,248400
2008-06-24,155477327,246243,251114,245186
2008-06-23,161343188,249628,251257,245086
2008-06-20,221920997,256214,258571,25
2008-06-19,197969579,255071,260486,252571
2008-06-18,202745121,258743,260286,253357
2008-06-17,224854207,254428,259986,253443
2008-06-16,262753619,244714,254143,241528
2008-06-13,336293331,245200,248800,236157
2008-06-12,326588948,259271,260857,244571
2008-06-11,240184982,263343,265714,256557
2008-06-10,285075086,257871,266828,255743
2008-06-09,471402121,263986,264200,251071
2008-06-06,241065722,268571,271357,265071
2008-06-05,188408417,266200,271200,265286
2008-06-04,181706405,262886,267271,261757
2008-06-03,187602996,266943,268857,260479
2008-06-02,169720581,269428,270928,263614
2008-05-30,151904176,267786,270771,267686
2008-05-29,161597008,266800,268857,265000
2008-05-28,185820236,267728,268500,262457
2008-05-27,197271539,261071,266328,259771
2008-05-23,226655238,258243,259986,254000
2008-05-22,301654450,256086,259043,245714
2008-05-21,289161897,265243,268571,251786
2008-05-20,242205393,259743,265943,257314
2008-05-19,236428781,268371,269557,259000
2008-05-16,191255457,271586,271857,267143
2008-05-15,218080655,266871,271286,263143
2008-05-14,228965729,273186,274628,265100
2008-05-13,205373622,269443,273500,268371
2008-05-12,204610271,264586,269814,261214
2008-05-09,168155030,261657,263214,259100
2008-05-08,224577427,262528,266428,261528
2008-05-07,288917037,265786,268857,257914
2008-05-06,229405189,263800,267314,260257
2008-05-05,213317714,259886,264728,258643
2008-05-02,248937505,257414,259886,255071
2008-05-01,225545388,249943,257143,249800
2008-04-30,284456285,251700,257143,247028
2008-04-29,230579159,244443,250943,243214
2008-04-28,196496779,242500,248214,241614
2008-04-25,247883934,243857,244428,237743
2008-04-24,423814077,236200,242828,227420
2008-04-23,357445167,234357,235486,230114
2008-04-22,358271727,239143,24,225843
2008-04-21,259419938,231729,240714,231086
2008-04-18,256500517,227314,231800,226257
2008-04-17,175625503,220243,222857,219071
2008-04-16,198569340,216743,220143,215171
2008-04-15,173766442,213429,213886,208171
2008-04-14,211240113,209671,213214,206486
2008-04-11,300941920,218171,219000,209143
2008-04-10,238914552,215900,222029,215143
2008-04-09,218270075,219014,219843,214943
2008-04-08,253412396,219357,223500,217600
2008-04-07,289539827,223043,228129,221586
2008-04-04,213231824,217414,221021,215357
2008-04-03,262789809,210086,219471,21
2008-04-02,260236278,212543,216000,208357
2008-04-01,257596927,209000,213800,205157
2008-03-31,191749658,204671,208157,203600
2008-03-28,178464914,202571,206643,202286
2008-03-27,249231715,207071,207586,199986
2008-03-26,295129119,201243,208200,200914
2008-03-25,263058049,199943,204429,196186
2008-03-24,266346300,191443,201214,190914
2008-03-20,226741198,187314,190416,184543
2008-03-19,252491966,190171,191843,185243
2008-03-18,300486290,184543,190002,183814
2008-03-17,267717460,175071,183700,175071
2008-03-14,289115487,185543,186143,177429
2008-03-13,315318735,177286,185000,175714
2008-03-12,264768989,181486,183829,178814
2008-03-11,289874357,177286,182114,174286
2008-03-10,249758465,174257,176371,170529
2008-03-07,307564342,172014,175686,170071
2008-03-06,368132490,178021,182143,172586
2008-03-05,304205461,176543,178771,174643
2008-03-04,446149824,174271,178400,172000
2008-03-03,398020749,177771,179971,168571
2008-02-29,311596273,184700,186014,178286
2008-02-28,403922731,181714,188857,179671
2008-02-27,363411409,168900,175786,168700
2008-02-26,373867242,168057,172986,164914
2008-02-25,313852794,169414,171671,166663
2008-02-22,382019865,174971,175014,165529
2008-02-21,233455880,180071,180671,172657
2008-02-20,241487052,174571,178000,173829
2008-02-19,250929705,179986,181071,173486
2008-02-15,223874067,180386,181543,177229
2008-02-14,238416082,184857,186857,181443
2008-02-13,241604722,180971,185400,179471
2008-02-12,306192272,186714,187143,176600
2008-02-11,299948690,182871,185686,181714
2008-02-08,338697412,174400,179571,173714
2008-02-07,520508676,171386,178257,167529
2008-02-06,391934318,186900,188457,173957
2008-02-05,284913525,186329,191429,184143
2008-02-04,224736887,191729,194143,187743
2008-02-01,252521086,194629,195129,188829
2008-01-31,335951171,184929,195214,184857
2008-01-30,309827373,187671,193500,185714
2008-01-29,272313452,187357,189700,184357
2008-01-28,368311410,183086,190286,180643
2008-01-25,387977076,198557,198700,185157
2008-01-24,500791350,199986,201000,188586
2008-01-23,841930153,194557,20,180200
2008-01-22,594108588,211514,228543,208571
2008-01-18,429120079,231014,236786,228014
2008-01-17,438729542,230729,236229,226314
2008-01-16,553027676,236043,241443,223857
2008-01-15,584446905,253886,256028,235229
2008-01-14,274486392,253600,256314,250243
2008-01-11,307449332,251428,254071,242857
2008-01-10,370297661,253686,258571,250586
2008-01-09,453136596,244714,256428,240428
2008-01-08,379755714,257343,260657,244000
2008-01-07,517719245,258928,262286,243186
2008-01-04,363556519,273500,275714,255557
2008-01-03,210336553,279157,281986,275271
2008-01-02,269568541,284671,286086,275071
2007-12-31,134248000,285000,286428,282500
2007-12-28,173164022,286557,287943,281257
2007-12-27,198648020,284214,289943,282571
2007-12-26,175634393,284300,287086,281171
2007-12-24,120045206,278614,284757,278271
2007-12-21,248414605,271600,277018,271271
2007-12-20,192533868,264900,268328,261900
2007-12-19,206127942,261400,263770,258428
2007-12-18,305258822,266457,267614,255143
2007-12-17,255689427,272457,275214,261400
2007-12-14,168539331,271957,276000,270771
2007-12-13,216221385,271700,274457,268314
2007-12-12,305773672,276343,277828,265371
2007-12-11,276751243,278214,281186,267700
2007-12-10,180317464,276557,279514,275271
2007-12-07,266059930,272200,278557,268628
2007-12-06,224851127,265986,271571,265886
2007-12-05,222597197,261271,265714,260586
2007-12-04,193390878,253071,258428,252843
2007-12-03,240090272,259800,263057,253857
2007-11-30,296647769,267628,268143,256714
2007-11-29,261524068,256328,264528,255928
2007-11-28,286283776,252600,258000,250500
2007-11-27,328890829,250314,251128,242871
2007-11-26,326084458,247986,253243,246214
2007-11-23,116368455,245714,245786,242500
2007-11-21,304522421,236914,246214,235243
2007-11-20,385355226,236671,245414,233614
2007-11-19,288233206,237286,240286,231571
2007-11-16,345630494,236143,238600,227614
2007-11-15,369593811,237700,242271,229000
2007-11-14,361597428,253086,253671,233914
2007-11-13,434190740,229786,244257,219657
2007-11-12,441404172,236114,239571,215186
2007-11-09,380981694,244500,250171,236014
2007-11-08,471937762,266671,267000,239671
2007-11-07,247734134,272300,275257,265900
2007-11-06,238372752,267214,274286,264671
2007-11-05,200807100,264700,269943,263200
2007-11-02,250348565,270300,270628,262128
2007-11-01,201049370,269428,271571,257143
2007-10-31,207868072,268043,271600,264214
2007-10-30,234346280,265971,270528,263900
2007-10-29,134937150,264928,266557,263857
2007-10-26,176523113,264700,264814,261257
2007-10-25,242662843,264100,265571,259514
2007-10-24,321472506,265443,267443,256057
2007-10-23,447830454,269371,269428,261086
2007-10-22,409391833,243357,249857,242800
2007-10-19,322378657,248914,249471,242857
2007-10-18,205017462,245000,248843,244357
2007-10-17,280295134,246700,247200,241686
2007-10-16,265447220,236486,243114,235929
2007-10-15,269160161,239971,242243,233571
2007-10-12,246665164,232871,238971,231143
2007-10-11,407988332,242128,245543,218871
2007-10-10,166437160,239357,239828,236571
2007-10-09,275896193,243143,244443,238114
2007-10-08,208606013,233557,239871,232814
2007-10-05,234209220,226243,230829,225286
2007-10-04,163778489,225714,225829,219286
2007-10-03,172855042,225400,227400,224300
2007-10-02,197692169,223643,226557,222700
2007-10-01,208788013,220900,224871,218471
2007-09-28,153376626,219200,220857,218214
2007-09-27,163973369,219671,220743,217600
2007-09-26,242963633,220671,221429,216071
2007-09-25,297203849,209771,218886,209743
2007-09-24,262133909,209614,214071,209500
2007-09-21,284362275,201629,206643,200443
2007-09-20,172017982,200214,202557,199029
2007-09-19,256395447,204314,204514,199143
2007-09-18,265450440,198657,204071,196900
2007-09-17,198074579,198557,200843,196571
2007-09-14,151582595,195100,198543,194571
2007-09-13,163729069,198329,198571,195214
2007-09-12,255089107,194271,199143,193929
2007-09-11,242340283,197000,197571,191071
2007-09-10,371414021,195707,197200,191357
2007-09-07,357253367,188586,189000,185714
2007-09-06,474645572,193657,196529,189586
2007-09-05,580086674,207100,208343,194429
2007-09-04,327819058,199914,208186,199771
2007-08-31,219120786,199271,199500,196300
2007-08-30,358491668,189529,197500,189000
2007-08-29,291356677,185543,191686,185057
2007-08-28,294221988,187129,189157,180900
2007-08-27,176572673,190559,192371,188714
2007-08-24,227570628,186471,193386,185443
2007-08-23,216447905,190129,190486,185371
2007-08-22,262311009,187457,189643,186186
2007-08-21,325008068,174586,184229,172857
2007-08-20,200753270,177086,177857,172143
2007-08-17,298691070,174300,176429,171171
2007-08-16,465514140,167157,169286,159457
2007-08-15,247702774,175343,178371,170929
2007-08-14,184265255,183271,183286,176729
2007-08-13,188111756,183314,184786,180714
2007-08-10,352353926,175886,182500,171857
2007-08-09,280544474,187300,19,178700
2007-08-08,201737401,195371,195514,188571
2007-08-07,237235461,192771,196057,189471
2007-08-06,230957019,189857,193243,183286
2007-08-03,169387941,193229,194214,187857
2007-08-02,213035054,195214,195657,191643
2007-08-01,437237211,190914,193400,182529
2007-07-31,440580132,204243,204971,187886
2007-07-30,276905033,206186,207786,199386
2007-07-27,289458697,208843,212743,205400
2007-07-26,546532024,208443,212143,195657
2007-07-25,360296898,196214,197657,192857
2007-07-24,448490415,198400,201429,191643
2007-07-23,258566848,204729,207457,201329
2007-07-20,290654437,202357,205971,20
2007-07-19,182917825,200429,201157,199500
2007-07-18,189188987,197414,197771,194343
2007-07-17,177135823,197571,199429,196429
2007-07-16,233898350,197700,199971,196429
2007-07-13,226741758,192900,196929,192171
2007-07-12,176040253,191214,191771,189129
2007-07-11,205116722,188671,191000,187586
2007-07-10,313404724,184114,192143,184014
2007-07-09,248615295,189114,189857,184543
2007-07-06,218551196,190186,190486,186286
2007-07-05,362685019,184000,189957,183843
2007-07-03,290517867,174286,182000,173571
2007-07-02,248686625,172929,174414,170429
2007-06-29,283541245,174243,177143,172986
2007-06-28,209411993,174800,174986,171429
2007-06-27,243670003,172300,174343,170371
2007-06-26,331666119,177114,177143,169600
2007-06-25,241305682,177414,178700,172943
2007-06-22,157741687,176929,177786,174829
2007-06-21,216699555,173857,177557,172457
2007-06-20,224280347,176957,178086,173571
2007-06-19,233235450,178129,178586,175586
2007-06-18,227819198,176114,178829,175057
2007-06-15,202740851,172314,172386,171229
2007-06-14,243304883,167429,170643,166314
2007-06-13,430312739,173071,173129,164857
2007-06-12,356637857,170500,173871,169014
2007-06-11,468544511,18,180214,170771
2007-06-08,310141883,179750,179757,174700
2007-06-07,478980464,178557,182300,175986
2007-06-06,277989403,174714,177214,174214
2007-06-05,230166229,173443,175271,172143
2007-06-04,221523606,169471,173900,168429
2007-06-01,221049216,173000,173129,168986
2007-05-31,324164147,171529,174529,170773
2007-05-30,369594231,163286,169829,162186
2007-05-29,161257088,163500,164086,160986
2007-05-25,158208517,16,162543,159286
2007-05-24,221825027,161157,163514,157671
2007-05-23,227802608,162886,164286,160843
2007-05-22,143099923,160700,162500,160014
2007-05-21,159972798,157586,160643,157214
2007-05-18,155184167,157471,158057,156814
2007-05-17,183787925,153071,156957,153071
2007-05-16,281718445,155043,155471,147743
2007-05-15,238619992,156529,157429,152114
2007-05-14,162985669,156600,157143,154643
2007-05-11,162809409,153914,155900,152543
2007-05-10,299262130,152329,155486,151314
2007-05-09,179385764,149871,152800,149843
2007-05-08,195997609,147814,150214,147743
2007-05-07,215363255,144400,149071,144300
2007-05-04,95496339,144000,145143,143571
2007-05-03,144005583,143900,144929,142871
2007-05-02,126281858,142357,143629,142100
2007-05-01,133112390,142271,143357,140786
2007-04-30,154121986,142986,144286,142386
2007-04-27,174840592,140257,142786,139557
2007-04-26,434336340,145114,146429,140429
2007-04-25,290746697,134614,136286,134000
2007-04-24,263750559,134229,137700,130429
2007-04-23,195072069,130836,134000,130600
2007-04-20,130953589,129841,130257,129357
2007-04-19,106555642,128843,130357,128329
2007-04-18,115964835,128800,129786,128000
2007-04-17,187910156,131429,131857,128143
2007-04-16,152249626,129386,130714,128929
2007-04-13,179870794,129857,130572,128657
2007-04-12,163964269,131486,131871,129600
2007-04-11,137165811,134143,134214,131900
2007-04-10,88114556,133814,134654,133443
2007-04-09,103316391,136014,136143,132914
2007-04-05,88871257,134457,135257,133600
2007-04-04,119061426,135629,135914,134471
2007-04-03,145923094,134486,136043,133943
2007-04-02,125377528,134486,134643,132886
2007-03-30,150119595,134686,135257,132500
2007-03-29,181368934,134557,134557,131757
2007-03-28,236999841,135543,136286,133071
2007-03-27,230896469,136729,138329,135714
2007-03-26,215683715,134271,137000,133286
2007-03-23,112719214,133357,134386,133286
2007-03-22,140360612,133900,134800,132857
2007-03-21,171710052,131414,134286,130929
2007-03-20,122193997,130500,131200,130086
2007-03-19,178168603,128914,130786,127986
2007-03-16,142697843,127911,128557,127600
2007-03-15,139737332,128514,129086,127586
2007-03-14,198944120,126571,128571,125600
2007-03-13,216829335,127729,129429,126286
2007-03-12,182247155,125814,128557,125700
2007-03-09,112644734,126857,126929,124857
2007-03-08,127707268,126557,126743,124943
2007-03-07,155317657,125786,127100,124929
2007-03-06,180620704,125429,126157,124857
2007-03-05,207507222,122700,126643,122514
2007-03-02,214963904,123957,125057,121729
2007-03-01,353860956,120043,126157,119643
2007-02-28,229848289,118571,122286,118571
2007-02-27,286284756,123286,124400,119157
2007-02-26,153979676,128343,128571,125157
2007-02-23,129450129,127371,129057,126929
2007-02-22,209548843,129714,129729,126471
2007-02-21,288810777,122829,127843,122800
2007-02-20,154286136,120929,123086,120229
2007-02-16,99918520,121786,122014,120943
2007-02-15,90908747,122057,122314,121114
2007-02-14,127011048,120900,122343,120814
2007-02-13,145246894,121657,121843,120429
2007-02-12,180864164,120614,121686,119471
2007-02-09,215023615,122686,123143,118871
2007-02-08,169672561,122043,123586,122014
2007-02-07,265628030,120707,123400,119357
2007-02-06,215951465,120643,120671,118371
2007-02-05,144677583,120429,121757,119914
2007-02-02,155349507,120171,121786,119571
2007-02-01,165708390,123186,123243,121057
2007-01-31,213419144,121207,122857,120500
2007-01-30,144230913,123471,123557,121786
2007-01-29,225363528,123286,123786,122186
2007-01-26,246597194,124364,124814,121414
2007-01-25,226466378,124444,126429,122900
2007-01-24,231906780,123807,124500,122971
2007-01-23,301773311,122471,125014,122157
2007-01-22,360848848,127343,127371,122357
2007-01-19,340378322,126600,128071,125886
2007-01-18,590990717,131564,131586,127214
2007-01-17,391990178,139386,139429,135457
2007-01-16,310839713,136693,138929,136357
2007-01-12,328099478,135129,135800,133186
2007-01-11,360052598,137100,138257,135857
2007-01-10,735665221,135329,139714,133500
2007-01-09,836940551,123500,132829,121643
2007-01-08,199130040,122800,123614,121829
2007-01-05,208543643,122529,123143,120571
2007-01-04,211754404,120071,122786,119743
2007-01-03,309516293,123271,123686,117000
2006-12-29,70000014,119936,122000,119086
2006-12-28,279945904,114600,116071,113786
2006-12-27,483784565,111643,117143,109671
2006-12-26,122532727,117357,117957,115557
2006-12-22,153284506,119229,120056,116571
2006-12-21,225619938,120994,122114,117429
2006-12-20,142006243,123529,123814,121057
2006-12-19,227643078,121043,123829,119457
2006-12-18,180354704,125179,125714,120843
2006-12-15,184717805,127171,127457,124757
2006-12-14,207962222,127214,128571,126086
2006-12-13,213872954,125621,127243,124500
2006-12-12,258538568,126586,126914,122186
2006-12-11,124689567,127000,127571,125786
2006-12-08,196005729,124614,127700,124286
2006-12-07,251176805,128071,129286,124143
2006-12-06,159343498,129493,130557,128100
2006-12-05,165658480,130936,131900,129814
2006-12-04,177391043,131257,131500,129286
2006-12-01,198734050,131143,131900,128714
2006-11-30,217539765,131736,132400,130086
2006-11-29,289214747,132857,133071,128929
2006-11-28,258995598,129093,131386,128443
2006-11-27,268557671,132143,133084,127857
2006-11-24,129737899,127900,132971,127857
2006-11-22,167982900,127129,129643,125500
2006-11-21,155562377,124886,126571,124443
2006-11-20,141895573,122000,124286,121714
2006-11-17,116226285,121636,122771,121429
2006-11-16,173424632,121243,123286,120886
2006-11-15,163255589,121507,122714,12
2006-11-14,147220684,121143,121429,119857
2006-11-13,112638154,118886,120643,118057
2006-11-10,92336678,119357,119429,117857
2006-11-09,230712299,118443,120986,117314
2006-11-08,172220212,114329,118129,114129
2006-11-07,131461719,114929,115714,114471
2006-11-06,106381622,112786,114371,112043
2006-11-03,107964112,113371,113614,111129
2006-11-02,116360685,112736,113314,112143
2006-11-01,152798216,115857,116257,111943
2006-10-31,125254608,116357,116686,114614
2006-10-30,124979157,114264,115571,113571
2006-10-27,148700905,116786,117786,114300
2006-10-26,108122732,117000,118000,115900
2006-10-25,120362796,116214,117143,115729
2006-10-24,115707515,116014,116686,114571
2006-10-23,207970412,114271,117000,113929
2006-10-20,159841758,112814,114271,112386
2006-10-19,378311123,113229,114214,111657
2006-10-18,275077613,106786,112271,105586
2006-10-17,120162386,107200,107529,105771
2006-10-16,127159728,107414,108400,106841
2006-10-13,170998011,108043,109829,106771
2006-10-12,148155114,105771,107700,105143
2006-10-11,142964753,104886,105686,103714
2006-10-10,132841280,106486,106543,104400
2006-10-09,109554303,105429,107257,105043
2006-10-06,116723635,106314,107200,105443
2006-10-05,168481511,106464,108800,105900
2006-10-04,206988382,105857,107803,104514
2006-10-03,197660179,106357,107071,104557
2006-10-02,178230133,107286,108386,106143
2006-09-29,101476160,110157,110743,109543
2006-09-28,180716744,110029,110686,108500
2006-09-27,202582581,110243,110671,108314
2006-09-26,275706843,108829,111114,108714
2006-09-25,214717714,105443,108371,105314
2006-09-22,166261740,106143,106200,103686
2006-09-21,198460840,107500,108657,105743
2006-09-20,205576272,106257,108114,106029
2006-09-19,177487923,105857,106229,104000
2006-09-18,176304853,105429,106943,104714
2006-09-15,245411044,106643,107114,104700
2006-09-14,200404110,105314,106671,104943
2006-09-13,286516246,104071,106171,103286
2006-09-12,421137556,104014,104929,102071
2006-09-11,237205011,103471,105329,102029
2006-09-08,223950157,104814,105100,102729
2006-09-07,316963805,100857,104971,100357
2006-09-06,243462733,101543,102414,99571
2006-09-05,252915256,98529,102143,97929
2006-09-01,102118971,97829,98071,96886
2006-08-31,143625553,96114,97571,95229
2006-08-30,170074151,96193,96886,95257
2006-08-29,236802301,95700,96086,93029
2006-08-28,184512985,97857,98014,95257
2006-08-25,135968601,96200,98643,96157
2006-08-24,163699599,96986,97414,94671
2006-08-23,133464770,97143,98071,95629
2006-08-22,144199903,95236,97600,95000
2006-08-21,131520659,96093,96157,94500
2006-08-18,134074680,96729,97714,96086
2006-08-17,144028473,97143,98086,95971
2006-08-16,195106999,95857,97243,94757
2006-08-15,215285135,93343,95000,92571
2006-08-14,179368614,91500,93171,90857
2006-08-11,194349178,90321,91614,89400
2006-08-10,174409952,90357,92586,89571
2006-08-09,238873252,93471,93714,90571
2006-08-08,249385295,95843,95874,92157
2006-08-07,311358063,96743,99429,94729
2006-08-04,463170609,95757,98014,92800
2006-08-03,210238273,97014,10,96871
2006-08-02,137609331,96586,98114,96443
2006-08-01,177569823,96029,97043,94200
2006-07-31,223189747,95471,98043,94686
2006-07-28,172845312,91343,93829,90714
2006-07-27,183755165,92150,92886,89800
2006-07-26,224447857,88571,92343,88114
2006-07-25,147237624,88257,88700,86829
2006-07-24,179863514,87514,88714,86329
2006-07-21,222961687,85457,87357,85200
2006-07-20,492571808,87121,87986,85314
2006-07-19,344200113,75657,78686,74800
2006-07-18,250077735,75936,76929,74071
2006-07-17,256110477,73879,75871,73786
2006-07-14,248133624,75107,75557,71657
2006-07-13,312422064,74329,77314,73443
2006-07-12,231622159,78814,78914,75597
2006-07-11,206230002,78729,79986,77900
2006-07-10,132296890,79571,80700,77857
2006-07-07,199748210,80671,80786,78100
2006-07-06,158267037,81557,82000,79443
2006-07-05,129431299,81643,82286,80800
2006-07-03,48693198,82171,83114,81914
2006-06-30,183542925,82300,82500,80714
2006-06-29,217331095,81086,84414,80557
2006-06-28,212601964,81843,81857,79157
2006-06-27,137143621,84457,84600,82000
2006-06-26,116565575,84529,84571,83386
2006-06-23,164969189,85314,85957,83900
2006-06-22,241510992,83143,85357,82957
2006-06-21,215762465,82486,83871,81857
2006-06-20,167923120,82300,83357,81843
2006-06-19,171160061,82614,83114,81429
2006-06-16,209472123
2006-06-15,297189989
2006-06-14,219448456
2006-06-13,269905381
2006-06-12,179374004
2006-06-09,193946818
2006-06-08,349230945
2006-06-07,187305426
2006-06-06,181508724
2006-06-05,151409345
2006-06-02,171418921
2006-06-01,235607401
2006-05-31,320151816
2006-05-30,140738892
2006-05-26,108228572
2006-05-25,115840165
2006-05-24,228999889
2006-05-23,173584722
2006-05-22,179584844
2006-05-19,246452084
2006-05-18,164548209
2006-05-17,185072986
2006-05-16,234155390
2006-05-15,132231790
2006-05-12,160441028
2006-05-11,202575161
2006-05-10,114970764
2006-05-09,132873970
2006-05-08,148675215
2006-05-05,140725592
2006-05-04,215091865
2006-05-03,171689472
2006-05-02,192753668
2006-05-01,187537266
